bus_phs,vbase,vdss,vdiff
N650_A,1.00010,1.00010,0.00000
N650_B,1.00010,1.00010,0.00000
N650_C,1.00010,1.00010,0.00000
N630_C,1.13830,1.13900,0.00070
TRIP_LOAD_675_B_H_1_A,1.18950,1.18850,0.00100
TRIP_LOAD_675_B_H_2_A,1.18950,1.18850,0.00100
TRIP_LOAD_675_B_H_3_A,1.18950,1.18850,0.00100
TRIP_LOAD_675_B_H_4_A,1.18950,1.18850,0.00100
TRIP_LOAD_675_B_H_5_A,1.18950,1.18850,0.00100
TRIP_LOAD_675_B_H_6_A,1.18950,1.18850,0.00100
TRIP_LOAD_675_B_H_7_A,1.18950,1.18850,0.00100
TRIP_LOAD_675_B_H_8_A,1.18950,1.18850,0.00100
TRIP_LOAD_675_B_H_9_A,1.18950,1.18850,0.00100
TRIP_LOAD_675_B_H_10_A,1.18950,1.18850,0.00100
TRIP_LOAD_675_B_H_11_A,1.18950,1.18850,0.00100
TRIP_LOAD_675_B_H_12_A,1.18950,1.18850,0.00100
TRIP_LOAD_675_B_H_13_A,1.18950,1.18850,0.00100
TRIP_LOAD_675_B_H_14_A,1.18950,1.18850,0.00100
TRIP_LOAD_675_B_H_15_A,1.18950,1.18850,0.00100
TRIP_LOAD_675_B_H_16_A,1.18950,1.18850,0.00100
TRIP_LOAD_675_B_H_17_A,1.18950,1.18850,0.00100
TRIP_LOAD_675_B_H_18_A,1.18950,1.18850,0.00100
TRIP_LOAD_675_B_H_19_A,1.18950,1.18850,0.00100
TRIP_LOAD_675_B_H_20_A,1.18950,1.18850,0.00100
TRIP_LOAD_675_B_H_21_A,1.18950,1.18850,0.00100
TRIP_LOAD_675_B_H_22_A,1.18950,1.18850,0.00100
TRIP_LOAD_675_B_H_23_A,1.18950,1.18850,0.00100
TRIP_LOAD_675_B_H_24_A,1.18950,1.18850,0.00100
TRIP_LOAD_675_B_H_25_A,1.18950,1.18850,0.00100
TRIP_LOAD_675_B_H_26_A,1.18950,1.18850,0.00100
TRIP_LOAD_675_B_H_27_A,1.18950,1.18850,0.00100
TRIP_LOAD_675_B_H_28_A,1.18950,1.18850,0.00100
TRIP_LOAD_675_B_H_29_A,1.18950,1.18850,0.00100
TRIP_LOAD_675_B_H_30_A,1.18950,1.18850,0.00100
TRIP_LOAD_675_B_H_31_A,1.18950,1.18850,0.00100
TRIP_LOAD_675_B_H_32_A,1.18950,1.18850,0.00100
TRIP_LOAD_675_B_H_33_A,1.18950,1.18850,0.00100
TRIP_LOAD_675_B_H_34_A,1.18950,1.18850,0.00100
TRIP_LOAD_675_B_H_35_A,1.18950,1.18850,0.00100
TRIP_LOAD_675_B_H_36_A,1.18950,1.18850,0.00100
TRIP_LOAD_675_B_H_37_A,1.18950,1.18850,0.00100
TRIP_LOAD_675_B_H_38_A,1.18950,1.18850,0.00100
TRIP_LOAD_675_B_H_39_A,1.18950,1.18850,0.00100
TRIP_LOAD_675_B_H_40_A,1.18950,1.18850,0.00100
XFMR_METER_675_B_1_B,1.18950,1.18840,0.00110
TRIP_NODE_675_B_1_A,1.18950,1.18840,0.00110
TRIP_NODE_675_B_1_B,1.18950,1.18840,0.00110
XFMR_METER_675_B_2_B,1.18950,1.18840,0.00110
TRIP_NODE_675_B_2_A,1.18950,1.18840,0.00110
TRIP_NODE_675_B_2_B,1.18950,1.18840,0.00110
XFMR_METER_675_B_3_B,1.18950,1.18840,0.00110
TRIP_NODE_675_B_3_A,1.18950,1.18840,0.00110
TRIP_NODE_675_B_3_B,1.18950,1.18840,0.00110
XFMR_METER_675_B_4_B,1.18950,1.18840,0.00110
TRIP_NODE_675_B_4_A,1.18950,1.18840,0.00110
TRIP_NODE_675_B_4_B,1.18950,1.18840,0.00110
XFMR_METER_675_B_5_B,1.18950,1.18840,0.00110
TRIP_NODE_675_B_5_A,1.18950,1.18840,0.00110
TRIP_NODE_675_B_5_B,1.18950,1.18840,0.00110
N675_B,1.18950,1.18840,0.00110
METER_675_B_B,1.18950,1.18840,0.00110
XFMR_METER_671_B_1_B,1.18350,1.18230,0.00120
TRIP_NODE_671_B_1_A,1.18350,1.18230,0.00120
TRIP_NODE_671_B_1_B,1.18350,1.18230,0.00120
XFMR_METER_671_B_2_B,1.18350,1.18230,0.00120
TRIP_NODE_671_B_2_A,1.18350,1.18230,0.00120
TRIP_NODE_671_B_2_B,1.18350,1.18230,0.00120
XFMR_METER_671_B_3_B,1.18350,1.18230,0.00120
TRIP_NODE_671_B_3_A,1.18350,1.18230,0.00120
TRIP_NODE_671_B_3_B,1.18350,1.18230,0.00120
XFMR_METER_671_B_4_B,1.18350,1.18230,0.00120
TRIP_NODE_671_B_4_A,1.18350,1.18230,0.00120
TRIP_NODE_671_B_4_B,1.18350,1.18230,0.00120
XFMR_METER_671_B_5_B,1.18350,1.18230,0.00120
TRIP_NODE_671_B_5_A,1.18350,1.18230,0.00120
TRIP_NODE_671_B_5_B,1.18350,1.18230,0.00120
N692_B,1.18360,1.18240,0.00120
TRIP_LOAD_692_B_H_1_A,1.18360,1.18240,0.00120
TRIP_LOAD_692_B_H_2_A,1.18360,1.18240,0.00120
TRIP_LOAD_692_B_H_3_A,1.18360,1.18240,0.00120
TRIP_LOAD_692_B_H_4_A,1.18360,1.18240,0.00120
TRIP_LOAD_692_B_H_5_A,1.18360,1.18240,0.00120
TRIP_LOAD_692_B_H_6_A,1.18360,1.18240,0.00120
TRIP_LOAD_692_B_H_7_A,1.18360,1.18240,0.00120
TRIP_LOAD_692_B_H_8_A,1.18360,1.18240,0.00120
TRIP_LOAD_692_B_H_9_A,1.18360,1.18240,0.00120
TRIP_LOAD_692_B_H_10_A,1.18360,1.18240,0.00120
TRIP_LOAD_692_B_H_11_A,1.18360,1.18240,0.00120
TRIP_LOAD_692_B_H_12_A,1.18360,1.18240,0.00120
TRIP_LOAD_692_B_H_13_A,1.18360,1.18240,0.00120
TRIP_LOAD_692_B_H_14_A,1.18360,1.18240,0.00120
TRIP_LOAD_692_B_H_15_A,1.18360,1.18240,0.00120
TRIP_LOAD_692_B_H_16_A,1.18360,1.18240,0.00120
TRIP_LOAD_692_B_H_17_A,1.18360,1.18240,0.00120
TRIP_LOAD_692_B_H_18_A,1.18360,1.18240,0.00120
TRIP_LOAD_692_B_H_19_A,1.18360,1.18240,0.00120
TRIP_LOAD_692_B_H_20_A,1.18360,1.18240,0.00120
TRIP_LOAD_692_B_H_21_A,1.18360,1.18240,0.00120
TRIP_LOAD_692_B_H_22_A,1.18360,1.18240,0.00120
TRIP_LOAD_692_B_H_23_A,1.18360,1.18240,0.00120
TRIP_LOAD_692_B_H_24_A,1.18360,1.18240,0.00120
TRIP_LOAD_692_B_H_25_A,1.18360,1.18240,0.00120
TRIP_LOAD_692_B_H_26_A,1.18360,1.18240,0.00120
TRIP_LOAD_692_B_H_27_A,1.18360,1.18240,0.00120
TRIP_LOAD_692_B_H_28_A,1.18360,1.18240,0.00120
TRIP_LOAD_692_B_H_29_A,1.18360,1.18240,0.00120
TRIP_LOAD_692_B_H_30_A,1.18360,1.18240,0.00120
TRIP_LOAD_692_B_H_31_A,1.18360,1.18240,0.00120
TRIP_LOAD_692_B_H_32_A,1.18360,1.18240,0.00120
TRIP_LOAD_692_B_H_33_A,1.18360,1.18240,0.00120
TRIP_LOAD_692_B_H_34_A,1.18360,1.18240,0.00120
TRIP_LOAD_692_B_H_35_A,1.18360,1.18240,0.00120
TRIP_LOAD_692_B_H_36_A,1.18360,1.18240,0.00120
TRIP_LOAD_692_B_H_37_A,1.18360,1.18240,0.00120
TRIP_LOAD_692_B_H_38_A,1.18360,1.18240,0.00120
TRIP_LOAD_692_B_H_39_A,1.18360,1.18240,0.00120
TRIP_LOAD_692_B_H_40_A,1.18360,1.18240,0.00120
TRIP_LOAD_675_B_H_1_B,1.18940,1.18820,0.00120
TRIP_LOAD_675_B_H_2_B,1.18940,1.18820,0.00120
TRIP_LOAD_675_B_H_3_B,1.18940,1.18820,0.00120
TRIP_LOAD_675_B_H_4_B,1.18940,1.18820,0.00120
TRIP_LOAD_675_B_H_5_B,1.18940,1.18820,0.00120
TRIP_LOAD_675_B_H_6_B,1.18940,1.18820,0.00120
TRIP_LOAD_675_B_H_7_B,1.18940,1.18820,0.00120
TRIP_LOAD_675_B_H_8_B,1.18940,1.18820,0.00120
TRIP_LOAD_675_B_H_9_B,1.18940,1.18820,0.00120
TRIP_LOAD_675_B_H_10_B,1.18940,1.18820,0.00120
TRIP_LOAD_675_B_H_11_B,1.18940,1.18820,0.00120
TRIP_LOAD_675_B_H_12_B,1.18940,1.18820,0.00120
TRIP_LOAD_675_B_H_13_B,1.18940,1.18820,0.00120
TRIP_LOAD_675_B_H_14_B,1.18940,1.18820,0.00120
TRIP_LOAD_675_B_H_15_B,1.18940,1.18820,0.00120
TRIP_LOAD_675_B_H_16_B,1.18940,1.18820,0.00120
TRIP_LOAD_675_B_H_17_B,1.18940,1.18820,0.00120
TRIP_LOAD_675_B_H_18_B,1.18940,1.18820,0.00120
TRIP_LOAD_675_B_H_19_B,1.18940,1.18820,0.00120
TRIP_LOAD_675_B_H_20_B,1.18940,1.18820,0.00120
TRIP_LOAD_675_B_H_21_B,1.18940,1.18820,0.00120
TRIP_LOAD_675_B_H_22_B,1.18940,1.18820,0.00120
TRIP_LOAD_675_B_H_23_B,1.18940,1.18820,0.00120
TRIP_LOAD_675_B_H_24_B,1.18940,1.18820,0.00120
TRIP_LOAD_675_B_H_25_B,1.18940,1.18820,0.00120
TRIP_LOAD_675_B_H_26_B,1.18940,1.18820,0.00120
TRIP_LOAD_675_B_H_27_B,1.18940,1.18820,0.00120
TRIP_LOAD_675_B_H_28_B,1.18940,1.18820,0.00120
TRIP_LOAD_675_B_H_29_B,1.18940,1.18820,0.00120
TRIP_LOAD_675_B_H_30_B,1.18940,1.18820,0.00120
TRIP_LOAD_675_B_H_31_B,1.18940,1.18820,0.00120
TRIP_LOAD_675_B_H_32_B,1.18940,1.18820,0.00120
TRIP_LOAD_675_B_H_33_B,1.18940,1.18820,0.00120
TRIP_LOAD_675_B_H_34_B,1.18940,1.18820,0.00120
TRIP_LOAD_675_B_H_35_B,1.18940,1.18820,0.00120
TRIP_LOAD_675_B_H_36_B,1.18940,1.18820,0.00120
TRIP_LOAD_675_B_H_37_B,1.18940,1.18820,0.00120
TRIP_LOAD_675_B_H_38_B,1.18940,1.18820,0.00120
TRIP_LOAD_675_B_H_39_B,1.18940,1.18820,0.00120
TRIP_LOAD_675_B_H_40_B,1.18940,1.18820,0.00120
TRIP_LOAD_671_B_H_1_A,1.18360,1.18240,0.00120
TRIP_LOAD_671_B_H_2_A,1.18360,1.18240,0.00120
TRIP_LOAD_671_B_H_3_A,1.18360,1.18240,0.00120
TRIP_LOAD_671_B_H_4_A,1.18360,1.18240,0.00120
TRIP_LOAD_671_B_H_5_A,1.18360,1.18240,0.00120
TRIP_LOAD_671_B_H_6_A,1.18360,1.18240,0.00120
TRIP_LOAD_671_B_H_7_A,1.18360,1.18240,0.00120
TRIP_LOAD_671_B_H_8_A,1.18360,1.18240,0.00120
TRIP_LOAD_671_B_H_9_A,1.18360,1.18240,0.00120
TRIP_LOAD_671_B_H_10_A,1.18360,1.18240,0.00120
TRIP_LOAD_671_B_H_11_A,1.18360,1.18240,0.00120
TRIP_LOAD_671_B_H_12_A,1.18360,1.18240,0.00120
TRIP_LOAD_671_B_H_13_A,1.18360,1.18240,0.00120
TRIP_LOAD_671_B_H_14_A,1.18360,1.18240,0.00120
TRIP_LOAD_671_B_H_15_A,1.18360,1.18240,0.00120
TRIP_LOAD_671_B_H_16_A,1.18360,1.18240,0.00120
TRIP_LOAD_671_B_H_17_A,1.18360,1.18240,0.00120
TRIP_LOAD_671_B_H_18_A,1.18360,1.18240,0.00120
TRIP_LOAD_671_B_H_19_A,1.18360,1.18240,0.00120
TRIP_LOAD_671_B_H_20_A,1.18360,1.18240,0.00120
TRIP_LOAD_671_B_H_21_A,1.18360,1.18240,0.00120
TRIP_LOAD_671_B_H_22_A,1.18360,1.18240,0.00120
TRIP_LOAD_671_B_H_23_A,1.18360,1.18240,0.00120
TRIP_LOAD_671_B_H_24_A,1.18360,1.18240,0.00120
TRIP_LOAD_671_B_H_25_A,1.18360,1.18240,0.00120
TRIP_LOAD_671_B_H_26_A,1.18360,1.18240,0.00120
TRIP_LOAD_671_B_H_27_A,1.18360,1.18240,0.00120
TRIP_LOAD_671_B_H_28_A,1.18360,1.18240,0.00120
TRIP_LOAD_671_B_H_29_A,1.18360,1.18240,0.00120
TRIP_LOAD_671_B_H_30_A,1.18360,1.18240,0.00120
TRIP_LOAD_671_B_H_31_A,1.18360,1.18240,0.00120
TRIP_LOAD_671_B_H_32_A,1.18360,1.18240,0.00120
TRIP_LOAD_671_B_H_33_A,1.18360,1.18240,0.00120
TRIP_LOAD_671_B_H_34_A,1.18360,1.18240,0.00120
TRIP_LOAD_671_B_H_35_A,1.18360,1.18240,0.00120
TRIP_LOAD_671_B_H_36_A,1.18360,1.18240,0.00120
TRIP_LOAD_671_B_H_37_A,1.18360,1.18240,0.00120
TRIP_LOAD_671_B_H_38_A,1.18360,1.18240,0.00120
TRIP_LOAD_671_B_H_39_A,1.18360,1.18240,0.00120
TRIP_LOAD_671_B_H_40_A,1.18360,1.18240,0.00120
TRIP_LOAD_680_B_H_1_A,1.18360,1.18240,0.00120
TRIP_LOAD_680_B_H_2_A,1.18360,1.18240,0.00120
TRIP_LOAD_680_B_H_3_A,1.18360,1.18240,0.00120
TRIP_LOAD_680_B_H_4_A,1.18360,1.18240,0.00120
TRIP_LOAD_680_B_H_5_A,1.18360,1.18240,0.00120
TRIP_LOAD_680_B_H_6_A,1.18360,1.18240,0.00120
TRIP_LOAD_680_B_H_7_A,1.18360,1.18240,0.00120
TRIP_LOAD_680_B_H_8_A,1.18360,1.18240,0.00120
TRIP_LOAD_680_B_H_9_A,1.18360,1.18240,0.00120
TRIP_LOAD_680_B_H_10_A,1.18360,1.18240,0.00120
TRIP_LOAD_680_B_H_11_A,1.18360,1.18240,0.00120
TRIP_LOAD_680_B_H_12_A,1.18360,1.18240,0.00120
TRIP_LOAD_680_B_H_13_A,1.18360,1.18240,0.00120
TRIP_LOAD_680_B_H_14_A,1.18360,1.18240,0.00120
TRIP_LOAD_680_B_H_15_A,1.18360,1.18240,0.00120
TRIP_LOAD_680_B_H_16_A,1.18360,1.18240,0.00120
TRIP_LOAD_680_B_H_17_A,1.18360,1.18240,0.00120
TRIP_LOAD_680_B_H_18_A,1.18360,1.18240,0.00120
TRIP_LOAD_680_B_H_19_A,1.18360,1.18240,0.00120
TRIP_LOAD_680_B_H_20_A,1.18360,1.18240,0.00120
TRIP_LOAD_680_B_H_21_A,1.18360,1.18240,0.00120
TRIP_LOAD_680_B_H_22_A,1.18360,1.18240,0.00120
TRIP_LOAD_680_B_H_23_A,1.18360,1.18240,0.00120
TRIP_LOAD_680_B_H_24_A,1.18360,1.18240,0.00120
TRIP_LOAD_680_B_H_25_A,1.18360,1.18240,0.00120
TRIP_LOAD_680_B_H_26_A,1.18360,1.18240,0.00120
TRIP_LOAD_680_B_H_27_A,1.18360,1.18240,0.00120
TRIP_LOAD_680_B_H_28_A,1.18360,1.18240,0.00120
TRIP_LOAD_680_B_H_29_A,1.18360,1.18240,0.00120
TRIP_LOAD_680_B_H_30_A,1.18360,1.18240,0.00120
TRIP_LOAD_680_B_H_31_A,1.18360,1.18240,0.00120
TRIP_LOAD_680_B_H_32_A,1.18360,1.18240,0.00120
TRIP_LOAD_680_B_H_33_A,1.18360,1.18240,0.00120
TRIP_LOAD_680_B_H_34_A,1.18360,1.18240,0.00120
TRIP_LOAD_680_B_H_35_A,1.18360,1.18240,0.00120
TRIP_LOAD_680_B_H_36_A,1.18360,1.18240,0.00120
TRIP_LOAD_680_B_H_37_A,1.18360,1.18240,0.00120
TRIP_LOAD_680_B_H_38_A,1.18360,1.18240,0.00120
TRIP_LOAD_680_B_H_39_A,1.18360,1.18240,0.00120
TRIP_LOAD_680_B_H_40_A,1.18360,1.18240,0.00120
XFMR_METER_692_B_1_B,1.18360,1.18230,0.00130
TRIP_NODE_692_B_1_A,1.18360,1.18230,0.00130
TRIP_NODE_692_B_1_B,1.18360,1.18230,0.00130
XFMR_METER_692_B_2_B,1.18360,1.18230,0.00130
TRIP_NODE_692_B_2_A,1.18360,1.18230,0.00130
TRIP_NODE_692_B_2_B,1.18360,1.18230,0.00130
XFMR_METER_692_B_3_B,1.18360,1.18230,0.00130
TRIP_NODE_692_B_3_A,1.18360,1.18230,0.00130
TRIP_NODE_692_B_3_B,1.18360,1.18230,0.00130
XFMR_METER_692_B_4_B,1.18360,1.18230,0.00130
TRIP_NODE_692_B_4_A,1.18360,1.18230,0.00130
TRIP_NODE_692_B_4_B,1.18360,1.18230,0.00130
XFMR_METER_692_B_5_B,1.18360,1.18230,0.00130
TRIP_NODE_692_B_5_A,1.18360,1.18230,0.00130
TRIP_NODE_692_B_5_B,1.18360,1.18230,0.00130
XFMR_METER_680_B_1_B,1.18360,1.18230,0.00130
TRIP_NODE_680_B_1_A,1.18360,1.18230,0.00130
TRIP_NODE_680_B_1_B,1.18360,1.18230,0.00130
XFMR_METER_680_B_2_B,1.18360,1.18230,0.00130
TRIP_NODE_680_B_2_A,1.18360,1.18230,0.00130
TRIP_NODE_680_B_2_B,1.18360,1.18230,0.00130
XFMR_METER_680_B_3_B,1.18360,1.18230,0.00130
TRIP_NODE_680_B_3_A,1.18360,1.18230,0.00130
TRIP_NODE_680_B_3_B,1.18360,1.18230,0.00130
XFMR_METER_680_B_4_B,1.18360,1.18230,0.00130
TRIP_NODE_680_B_4_A,1.18360,1.18230,0.00130
TRIP_NODE_680_B_4_B,1.18360,1.18230,0.00130
XFMR_METER_680_B_5_B,1.18360,1.18230,0.00130
TRIP_NODE_680_B_5_A,1.18360,1.18230,0.00130
TRIP_NODE_680_B_5_B,1.18360,1.18230,0.00130
N671_B,1.18360,1.18230,0.00130
N680_B,1.18360,1.18230,0.00130
METER_692_B_B,1.18360,1.18230,0.00130
METER_671_B_B,1.18360,1.18230,0.00130
METER_680_B_B,1.18360,1.18230,0.00130
TRIP_LOAD_692_B_H_1_B,1.18350,1.18210,0.00140
TRIP_LOAD_692_B_H_2_B,1.18350,1.18210,0.00140
TRIP_LOAD_692_B_H_3_B,1.18350,1.18210,0.00140
TRIP_LOAD_692_B_H_4_B,1.18350,1.18210,0.00140
TRIP_LOAD_692_B_H_5_B,1.18350,1.18210,0.00140
TRIP_LOAD_692_B_H_6_B,1.18350,1.18210,0.00140
TRIP_LOAD_692_B_H_7_B,1.18350,1.18210,0.00140
TRIP_LOAD_692_B_H_8_B,1.18350,1.18210,0.00140
TRIP_LOAD_692_B_H_9_B,1.18350,1.18210,0.00140
TRIP_LOAD_692_B_H_10_B,1.18350,1.18210,0.00140
TRIP_LOAD_692_B_H_11_B,1.18350,1.18210,0.00140
TRIP_LOAD_692_B_H_12_B,1.18350,1.18210,0.00140
TRIP_LOAD_692_B_H_13_B,1.18350,1.18210,0.00140
TRIP_LOAD_692_B_H_14_B,1.18350,1.18210,0.00140
TRIP_LOAD_692_B_H_15_B,1.18350,1.18210,0.00140
TRIP_LOAD_692_B_H_16_B,1.18350,1.18210,0.00140
TRIP_LOAD_692_B_H_17_B,1.18350,1.18210,0.00140
TRIP_LOAD_692_B_H_18_B,1.18350,1.18210,0.00140
TRIP_LOAD_692_B_H_19_B,1.18350,1.18210,0.00140
TRIP_LOAD_692_B_H_20_B,1.18350,1.18210,0.00140
TRIP_LOAD_692_B_H_21_B,1.18350,1.18210,0.00140
TRIP_LOAD_692_B_H_22_B,1.18350,1.18210,0.00140
TRIP_LOAD_692_B_H_23_B,1.18350,1.18210,0.00140
TRIP_LOAD_692_B_H_24_B,1.18350,1.18210,0.00140
TRIP_LOAD_692_B_H_25_B,1.18350,1.18210,0.00140
TRIP_LOAD_692_B_H_26_B,1.18350,1.18210,0.00140
TRIP_LOAD_692_B_H_27_B,1.18350,1.18210,0.00140
TRIP_LOAD_692_B_H_28_B,1.18350,1.18210,0.00140
TRIP_LOAD_692_B_H_29_B,1.18350,1.18210,0.00140
TRIP_LOAD_692_B_H_30_B,1.18350,1.18210,0.00140
TRIP_LOAD_692_B_H_31_B,1.18350,1.18210,0.00140
TRIP_LOAD_692_B_H_32_B,1.18350,1.18210,0.00140
TRIP_LOAD_692_B_H_33_B,1.18350,1.18210,0.00140
TRIP_LOAD_692_B_H_34_B,1.18350,1.18210,0.00140
TRIP_LOAD_692_B_H_35_B,1.18350,1.18210,0.00140
TRIP_LOAD_692_B_H_36_B,1.18350,1.18210,0.00140
TRIP_LOAD_692_B_H_37_B,1.18350,1.18210,0.00140
TRIP_LOAD_692_B_H_38_B,1.18350,1.18210,0.00140
TRIP_LOAD_692_B_H_39_B,1.18350,1.18210,0.00140
TRIP_LOAD_692_B_H_40_B,1.18350,1.18210,0.00140
TRIP_LOAD_671_B_H_1_B,1.18350,1.18210,0.00140
TRIP_LOAD_671_B_H_2_B,1.18350,1.18210,0.00140
TRIP_LOAD_671_B_H_3_B,1.18350,1.18210,0.00140
TRIP_LOAD_671_B_H_4_B,1.18350,1.18210,0.00140
TRIP_LOAD_671_B_H_5_B,1.18350,1.18210,0.00140
TRIP_LOAD_671_B_H_6_B,1.18350,1.18210,0.00140
TRIP_LOAD_671_B_H_7_B,1.18350,1.18210,0.00140
TRIP_LOAD_671_B_H_8_B,1.18350,1.18210,0.00140
TRIP_LOAD_671_B_H_9_B,1.18350,1.18210,0.00140
TRIP_LOAD_671_B_H_10_B,1.18350,1.18210,0.00140
TRIP_LOAD_671_B_H_11_B,1.18350,1.18210,0.00140
TRIP_LOAD_671_B_H_12_B,1.18350,1.18210,0.00140
TRIP_LOAD_671_B_H_13_B,1.18350,1.18210,0.00140
TRIP_LOAD_671_B_H_14_B,1.18350,1.18210,0.00140
TRIP_LOAD_671_B_H_15_B,1.18350,1.18210,0.00140
TRIP_LOAD_671_B_H_16_B,1.18350,1.18210,0.00140
TRIP_LOAD_671_B_H_17_B,1.18350,1.18210,0.00140
TRIP_LOAD_671_B_H_18_B,1.18350,1.18210,0.00140
TRIP_LOAD_671_B_H_19_B,1.18350,1.18210,0.00140
TRIP_LOAD_671_B_H_20_B,1.18350,1.18210,0.00140
TRIP_LOAD_671_B_H_21_B,1.18350,1.18210,0.00140
TRIP_LOAD_671_B_H_22_B,1.18350,1.18210,0.00140
TRIP_LOAD_671_B_H_23_B,1.18350,1.18210,0.00140
TRIP_LOAD_671_B_H_24_B,1.18350,1.18210,0.00140
TRIP_LOAD_671_B_H_25_B,1.18350,1.18210,0.00140
TRIP_LOAD_671_B_H_26_B,1.18350,1.18210,0.00140
TRIP_LOAD_671_B_H_27_B,1.18350,1.18210,0.00140
TRIP_LOAD_671_B_H_28_B,1.18350,1.18210,0.00140
TRIP_LOAD_671_B_H_29_B,1.18350,1.18210,0.00140
TRIP_LOAD_671_B_H_30_B,1.18350,1.18210,0.00140
TRIP_LOAD_671_B_H_31_B,1.18350,1.18210,0.00140
TRIP_LOAD_671_B_H_32_B,1.18350,1.18210,0.00140
TRIP_LOAD_671_B_H_33_B,1.18350,1.18210,0.00140
TRIP_LOAD_671_B_H_34_B,1.18350,1.18210,0.00140
TRIP_LOAD_671_B_H_35_B,1.18350,1.18210,0.00140
TRIP_LOAD_671_B_H_36_B,1.18350,1.18210,0.00140
TRIP_LOAD_671_B_H_37_B,1.18350,1.18210,0.00140
TRIP_LOAD_671_B_H_38_B,1.18350,1.18210,0.00140
TRIP_LOAD_671_B_H_39_B,1.18350,1.18210,0.00140
TRIP_LOAD_671_B_H_40_B,1.18350,1.18210,0.00140
TRIP_LOAD_680_B_H_1_B,1.18350,1.18210,0.00140
TRIP_LOAD_680_B_H_2_B,1.18350,1.18210,0.00140
TRIP_LOAD_680_B_H_3_B,1.18350,1.18210,0.00140
TRIP_LOAD_680_B_H_4_B,1.18350,1.18210,0.00140
TRIP_LOAD_680_B_H_5_B,1.18350,1.18210,0.00140
TRIP_LOAD_680_B_H_6_B,1.18350,1.18210,0.00140
TRIP_LOAD_680_B_H_7_B,1.18350,1.18210,0.00140
TRIP_LOAD_680_B_H_8_B,1.18350,1.18210,0.00140
TRIP_LOAD_680_B_H_9_B,1.18350,1.18210,0.00140
TRIP_LOAD_680_B_H_10_B,1.18350,1.18210,0.00140
TRIP_LOAD_680_B_H_11_B,1.18350,1.18210,0.00140
TRIP_LOAD_680_B_H_12_B,1.18350,1.18210,0.00140
TRIP_LOAD_680_B_H_13_B,1.18350,1.18210,0.00140
TRIP_LOAD_680_B_H_14_B,1.18350,1.18210,0.00140
TRIP_LOAD_680_B_H_15_B,1.18350,1.18210,0.00140
TRIP_LOAD_680_B_H_16_B,1.18350,1.18210,0.00140
TRIP_LOAD_680_B_H_17_B,1.18350,1.18210,0.00140
TRIP_LOAD_680_B_H_18_B,1.18350,1.18210,0.00140
TRIP_LOAD_680_B_H_19_B,1.18350,1.18210,0.00140
TRIP_LOAD_680_B_H_20_B,1.18350,1.18210,0.00140
TRIP_LOAD_680_B_H_21_B,1.18350,1.18210,0.00140
TRIP_LOAD_680_B_H_22_B,1.18350,1.18210,0.00140
TRIP_LOAD_680_B_H_23_B,1.18350,1.18210,0.00140
TRIP_LOAD_680_B_H_24_B,1.18350,1.18210,0.00140
TRIP_LOAD_680_B_H_25_B,1.18350,1.18210,0.00140
TRIP_LOAD_680_B_H_26_B,1.18350,1.18210,0.00140
TRIP_LOAD_680_B_H_27_B,1.18350,1.18210,0.00140
TRIP_LOAD_680_B_H_28_B,1.18350,1.18210,0.00140
TRIP_LOAD_680_B_H_29_B,1.18350,1.18210,0.00140
TRIP_LOAD_680_B_H_30_B,1.18350,1.18210,0.00140
TRIP_LOAD_680_B_H_31_B,1.18350,1.18210,0.00140
TRIP_LOAD_680_B_H_32_B,1.18350,1.18210,0.00140
TRIP_LOAD_680_B_H_33_B,1.18350,1.18210,0.00140
TRIP_LOAD_680_B_H_34_B,1.18350,1.18210,0.00140
TRIP_LOAD_680_B_H_35_B,1.18350,1.18210,0.00140
TRIP_LOAD_680_B_H_36_B,1.18350,1.18210,0.00140
TRIP_LOAD_680_B_H_37_B,1.18350,1.18210,0.00140
TRIP_LOAD_680_B_H_38_B,1.18350,1.18210,0.00140
TRIP_LOAD_680_B_H_39_B,1.18350,1.18210,0.00140
TRIP_LOAD_680_B_H_40_B,1.18350,1.18210,0.00140
N6321_B,1.16530,1.16280,0.00250
TRIP_LOAD_633_B_H_1_A,1.15930,1.15640,0.00290
TRIP_LOAD_633_B_H_2_A,1.15930,1.15640,0.00290
TRIP_LOAD_633_B_H_3_A,1.15930,1.15640,0.00290
TRIP_LOAD_633_B_H_4_A,1.15930,1.15640,0.00290
TRIP_LOAD_633_B_H_5_A,1.15930,1.15640,0.00290
TRIP_LOAD_633_B_H_6_A,1.15930,1.15640,0.00290
TRIP_LOAD_633_B_H_7_A,1.15930,1.15640,0.00290
TRIP_LOAD_633_B_H_8_A,1.15930,1.15640,0.00290
TRIP_LOAD_633_B_H_9_A,1.15930,1.15640,0.00290
TRIP_LOAD_633_B_H_10_A,1.15930,1.15640,0.00290
TRIP_LOAD_633_B_H_11_A,1.15930,1.15640,0.00290
TRIP_LOAD_633_B_H_12_A,1.15930,1.15640,0.00290
TRIP_LOAD_633_B_H_13_A,1.15930,1.15640,0.00290
TRIP_LOAD_633_B_H_14_A,1.15930,1.15640,0.00290
TRIP_LOAD_633_B_H_15_A,1.15930,1.15640,0.00290
TRIP_LOAD_633_B_H_16_A,1.15930,1.15640,0.00290
TRIP_LOAD_633_B_H_17_A,1.15930,1.15640,0.00290
TRIP_LOAD_633_B_H_18_A,1.15930,1.15640,0.00290
TRIP_LOAD_633_B_H_19_A,1.15930,1.15640,0.00290
TRIP_LOAD_633_B_H_20_A,1.15930,1.15640,0.00290
TRIP_LOAD_633_B_H_21_A,1.15930,1.15640,0.00290
TRIP_LOAD_633_B_H_22_A,1.15930,1.15640,0.00290
TRIP_LOAD_633_B_H_23_A,1.15930,1.15640,0.00290
TRIP_LOAD_633_B_H_24_A,1.15930,1.15640,0.00290
TRIP_LOAD_633_B_H_25_A,1.15930,1.15640,0.00290
TRIP_LOAD_633_B_H_26_A,1.15930,1.15640,0.00290
TRIP_LOAD_633_B_H_27_A,1.15930,1.15640,0.00290
TRIP_LOAD_633_B_H_28_A,1.15930,1.15640,0.00290
TRIP_LOAD_633_B_H_29_A,1.15930,1.15640,0.00290
TRIP_LOAD_633_B_H_30_A,1.15930,1.15640,0.00290
TRIP_LOAD_633_B_H_31_A,1.15930,1.15640,0.00290
TRIP_LOAD_633_B_H_32_A,1.15930,1.15640,0.00290
TRIP_LOAD_633_B_H_33_A,1.15930,1.15640,0.00290
TRIP_LOAD_633_B_H_34_A,1.15930,1.15640,0.00290
TRIP_LOAD_633_B_H_35_A,1.15930,1.15640,0.00290
TRIP_LOAD_633_B_H_36_A,1.15930,1.15640,0.00290
TRIP_LOAD_633_B_H_37_A,1.15930,1.15640,0.00290
TRIP_LOAD_633_B_H_38_A,1.15930,1.15640,0.00290
TRIP_LOAD_633_B_H_39_A,1.15930,1.15640,0.00290
TRIP_LOAD_633_B_H_40_A,1.15930,1.15640,0.00290
TRIP_LOAD_632_B_H_1_A,1.15930,1.15640,0.00290
TRIP_LOAD_632_B_H_2_A,1.15930,1.15640,0.00290
TRIP_LOAD_632_B_H_3_A,1.15930,1.15640,0.00290
TRIP_LOAD_632_B_H_4_A,1.15930,1.15640,0.00290
TRIP_LOAD_632_B_H_5_A,1.15930,1.15640,0.00290
TRIP_LOAD_632_B_H_6_A,1.15930,1.15640,0.00290
TRIP_LOAD_632_B_H_7_A,1.15930,1.15640,0.00290
TRIP_LOAD_632_B_H_8_A,1.15930,1.15640,0.00290
TRIP_LOAD_632_B_H_9_A,1.15930,1.15640,0.00290
TRIP_LOAD_632_B_H_10_A,1.15930,1.15640,0.00290
TRIP_LOAD_632_B_H_11_A,1.15930,1.15640,0.00290
TRIP_LOAD_632_B_H_12_A,1.15930,1.15640,0.00290
TRIP_LOAD_632_B_H_13_A,1.15930,1.15640,0.00290
TRIP_LOAD_632_B_H_14_A,1.15930,1.15640,0.00290
TRIP_LOAD_632_B_H_15_A,1.15930,1.15640,0.00290
TRIP_LOAD_632_B_H_16_A,1.15930,1.15640,0.00290
TRIP_LOAD_632_B_H_17_A,1.15930,1.15640,0.00290
TRIP_LOAD_632_B_H_18_A,1.15930,1.15640,0.00290
TRIP_LOAD_632_B_H_19_A,1.15930,1.15640,0.00290
TRIP_LOAD_632_B_H_20_A,1.15930,1.15640,0.00290
TRIP_LOAD_632_B_H_21_A,1.15930,1.15640,0.00290
TRIP_LOAD_632_B_H_22_A,1.15930,1.15640,0.00290
TRIP_LOAD_632_B_H_23_A,1.15930,1.15640,0.00290
TRIP_LOAD_632_B_H_24_A,1.15930,1.15640,0.00290
TRIP_LOAD_632_B_H_25_A,1.15930,1.15640,0.00290
TRIP_LOAD_632_B_H_26_A,1.15930,1.15640,0.00290
TRIP_LOAD_632_B_H_27_A,1.15930,1.15640,0.00290
TRIP_LOAD_632_B_H_28_A,1.15930,1.15640,0.00290
TRIP_LOAD_632_B_H_29_A,1.15930,1.15640,0.00290
TRIP_LOAD_632_B_H_30_A,1.15930,1.15640,0.00290
TRIP_LOAD_632_B_H_31_A,1.15930,1.15640,0.00290
TRIP_LOAD_632_B_H_32_A,1.15930,1.15640,0.00290
TRIP_LOAD_632_B_H_33_A,1.15930,1.15640,0.00290
TRIP_LOAD_632_B_H_34_A,1.15930,1.15640,0.00290
TRIP_LOAD_632_B_H_35_A,1.15930,1.15640,0.00290
TRIP_LOAD_632_B_H_36_A,1.15930,1.15640,0.00290
TRIP_LOAD_632_B_H_37_A,1.15930,1.15640,0.00290
TRIP_LOAD_632_B_H_38_A,1.15930,1.15640,0.00290
TRIP_LOAD_632_B_H_39_A,1.15930,1.15640,0.00290
TRIP_LOAD_632_B_H_40_A,1.15930,1.15640,0.00290
N633_B,1.15930,1.15630,0.00300
N634_B,1.15930,1.15630,0.00300
XFMR_METER_633_B_1_B,1.15930,1.15630,0.00300
TRIP_NODE_633_B_1_A,1.15930,1.15630,0.00300
TRIP_NODE_633_B_1_B,1.15930,1.15630,0.00300
XFMR_METER_633_B_2_B,1.15930,1.15630,0.00300
TRIP_NODE_633_B_2_A,1.15930,1.15630,0.00300
TRIP_NODE_633_B_2_B,1.15930,1.15630,0.00300
XFMR_METER_633_B_3_B,1.15930,1.15630,0.00300
TRIP_NODE_633_B_3_A,1.15930,1.15630,0.00300
TRIP_NODE_633_B_3_B,1.15930,1.15630,0.00300
XFMR_METER_633_B_4_B,1.15930,1.15630,0.00300
TRIP_NODE_633_B_4_A,1.15930,1.15630,0.00300
TRIP_NODE_633_B_4_B,1.15930,1.15630,0.00300
XFMR_METER_633_B_5_B,1.15930,1.15630,0.00300
TRIP_NODE_633_B_5_A,1.15930,1.15630,0.00300
TRIP_NODE_633_B_5_B,1.15930,1.15630,0.00300
XFMR_METER_632_B_1_B,1.15930,1.15630,0.00300
TRIP_NODE_632_B_1_A,1.15930,1.15630,0.00300
TRIP_NODE_632_B_1_B,1.15930,1.15630,0.00300
XFMR_METER_632_B_2_B,1.15930,1.15630,0.00300
TRIP_NODE_632_B_2_A,1.15930,1.15630,0.00300
TRIP_NODE_632_B_2_B,1.15930,1.15630,0.00300
XFMR_METER_632_B_3_B,1.15930,1.15630,0.00300
TRIP_NODE_632_B_3_A,1.15930,1.15630,0.00300
TRIP_NODE_632_B_3_B,1.15930,1.15630,0.00300
XFMR_METER_632_B_4_B,1.15930,1.15630,0.00300
TRIP_NODE_632_B_4_A,1.15930,1.15630,0.00300
TRIP_NODE_632_B_4_B,1.15930,1.15630,0.00300
XFMR_METER_632_B_5_B,1.15930,1.15630,0.00300
TRIP_NODE_632_B_5_A,1.15930,1.15630,0.00300
TRIP_NODE_632_B_5_B,1.15930,1.15630,0.00300
N632_B,1.15930,1.15630,0.00300
METER_633_B_B,1.15930,1.15630,0.00300
METER_632_B_B,1.15930,1.15630,0.00300
TRIP_LOAD_645_B_H_1_A,1.15920,1.15620,0.00300
TRIP_LOAD_645_B_H_2_A,1.15920,1.15620,0.00300
TRIP_LOAD_645_B_H_3_A,1.15920,1.15620,0.00300
TRIP_LOAD_645_B_H_4_A,1.15920,1.15620,0.00300
TRIP_LOAD_645_B_H_5_A,1.15920,1.15620,0.00300
TRIP_LOAD_645_B_H_6_A,1.15920,1.15620,0.00300
TRIP_LOAD_645_B_H_7_A,1.15920,1.15620,0.00300
TRIP_LOAD_645_B_H_8_A,1.15920,1.15620,0.00300
TRIP_LOAD_645_B_H_9_A,1.15920,1.15620,0.00300
TRIP_LOAD_645_B_H_10_A,1.15920,1.15620,0.00300
TRIP_LOAD_645_B_H_11_A,1.15920,1.15620,0.00300
TRIP_LOAD_645_B_H_12_A,1.15920,1.15620,0.00300
TRIP_LOAD_645_B_H_13_A,1.15920,1.15620,0.00300
TRIP_LOAD_645_B_H_14_A,1.15920,1.15620,0.00300
TRIP_LOAD_645_B_H_15_A,1.15920,1.15620,0.00300
TRIP_LOAD_645_B_H_16_A,1.15920,1.15620,0.00300
TRIP_LOAD_645_B_H_17_A,1.15920,1.15620,0.00300
TRIP_LOAD_645_B_H_18_A,1.15920,1.15620,0.00300
TRIP_LOAD_645_B_H_19_A,1.15920,1.15620,0.00300
TRIP_LOAD_645_B_H_20_A,1.15920,1.15620,0.00300
TRIP_LOAD_645_B_H_21_A,1.15920,1.15620,0.00300
TRIP_LOAD_645_B_H_22_A,1.15920,1.15620,0.00300
TRIP_LOAD_645_B_H_23_A,1.15920,1.15620,0.00300
TRIP_LOAD_645_B_H_24_A,1.15920,1.15620,0.00300
TRIP_LOAD_645_B_H_25_A,1.15920,1.15620,0.00300
TRIP_LOAD_645_B_H_26_A,1.15920,1.15620,0.00300
TRIP_LOAD_645_B_H_27_A,1.15920,1.15620,0.00300
TRIP_LOAD_645_B_H_28_A,1.15920,1.15620,0.00300
TRIP_LOAD_645_B_H_29_A,1.15920,1.15620,0.00300
TRIP_LOAD_645_B_H_30_A,1.15920,1.15620,0.00300
TRIP_LOAD_645_B_H_31_A,1.15920,1.15620,0.00300
TRIP_LOAD_645_B_H_32_A,1.15920,1.15620,0.00300
TRIP_LOAD_645_B_H_33_A,1.15920,1.15620,0.00300
TRIP_LOAD_645_B_H_34_A,1.15920,1.15620,0.00300
TRIP_LOAD_645_B_H_35_A,1.15920,1.15620,0.00300
TRIP_LOAD_645_B_H_36_A,1.15920,1.15620,0.00300
TRIP_LOAD_645_B_H_37_A,1.15920,1.15620,0.00300
TRIP_LOAD_645_B_H_38_A,1.15920,1.15620,0.00300
TRIP_LOAD_645_B_H_39_A,1.15920,1.15620,0.00300
TRIP_LOAD_645_B_H_40_A,1.15920,1.15620,0.00300
XFMR_METER_645_B_1_B,1.15920,1.15610,0.00310
TRIP_NODE_645_B_1_A,1.15920,1.15610,0.00310
TRIP_NODE_645_B_1_B,1.15920,1.15610,0.00310
XFMR_METER_645_B_2_B,1.15920,1.15610,0.00310
TRIP_NODE_645_B_2_A,1.15920,1.15610,0.00310
TRIP_NODE_645_B_2_B,1.15920,1.15610,0.00310
XFMR_METER_645_B_3_B,1.15920,1.15610,0.00310
TRIP_NODE_645_B_3_A,1.15920,1.15610,0.00310
TRIP_NODE_645_B_3_B,1.15920,1.15610,0.00310
XFMR_METER_645_B_4_B,1.15920,1.15610,0.00310
TRIP_NODE_645_B_4_A,1.15920,1.15610,0.00310
TRIP_NODE_645_B_4_B,1.15920,1.15610,0.00310
XFMR_METER_645_B_5_B,1.15920,1.15610,0.00310
TRIP_NODE_645_B_5_A,1.15920,1.15610,0.00310
TRIP_NODE_645_B_5_B,1.15920,1.15610,0.00310
N645_B,1.15920,1.15610,0.00310
N646_B,1.15920,1.15610,0.00310
METER_645_B_B,1.15920,1.15610,0.00310
TRIP_LOAD_633_B_H_1_B,1.15920,1.15610,0.00310
TRIP_LOAD_633_B_H_2_B,1.15920,1.15610,0.00310
TRIP_LOAD_633_B_H_3_B,1.15920,1.15610,0.00310
TRIP_LOAD_633_B_H_4_B,1.15920,1.15610,0.00310
TRIP_LOAD_633_B_H_5_B,1.15920,1.15610,0.00310
TRIP_LOAD_633_B_H_6_B,1.15920,1.15610,0.00310
TRIP_LOAD_633_B_H_7_B,1.15920,1.15610,0.00310
TRIP_LOAD_633_B_H_8_B,1.15920,1.15610,0.00310
TRIP_LOAD_633_B_H_9_B,1.15920,1.15610,0.00310
TRIP_LOAD_633_B_H_10_B,1.15920,1.15610,0.00310
TRIP_LOAD_633_B_H_11_B,1.15920,1.15610,0.00310
TRIP_LOAD_633_B_H_12_B,1.15920,1.15610,0.00310
TRIP_LOAD_633_B_H_13_B,1.15920,1.15610,0.00310
TRIP_LOAD_633_B_H_14_B,1.15920,1.15610,0.00310
TRIP_LOAD_633_B_H_15_B,1.15920,1.15610,0.00310
TRIP_LOAD_633_B_H_16_B,1.15920,1.15610,0.00310
TRIP_LOAD_633_B_H_17_B,1.15920,1.15610,0.00310
TRIP_LOAD_633_B_H_18_B,1.15920,1.15610,0.00310
TRIP_LOAD_633_B_H_19_B,1.15920,1.15610,0.00310
TRIP_LOAD_633_B_H_20_B,1.15920,1.15610,0.00310
TRIP_LOAD_633_B_H_21_B,1.15920,1.15610,0.00310
TRIP_LOAD_633_B_H_22_B,1.15920,1.15610,0.00310
TRIP_LOAD_633_B_H_23_B,1.15920,1.15610,0.00310
TRIP_LOAD_633_B_H_24_B,1.15920,1.15610,0.00310
TRIP_LOAD_633_B_H_25_B,1.15920,1.15610,0.00310
TRIP_LOAD_633_B_H_26_B,1.15920,1.15610,0.00310
TRIP_LOAD_633_B_H_27_B,1.15920,1.15610,0.00310
TRIP_LOAD_633_B_H_28_B,1.15920,1.15610,0.00310
TRIP_LOAD_633_B_H_29_B,1.15920,1.15610,0.00310
TRIP_LOAD_633_B_H_30_B,1.15920,1.15610,0.00310
TRIP_LOAD_633_B_H_31_B,1.15920,1.15610,0.00310
TRIP_LOAD_633_B_H_32_B,1.15920,1.15610,0.00310
TRIP_LOAD_633_B_H_33_B,1.15920,1.15610,0.00310
TRIP_LOAD_633_B_H_34_B,1.15920,1.15610,0.00310
TRIP_LOAD_633_B_H_35_B,1.15920,1.15610,0.00310
TRIP_LOAD_633_B_H_36_B,1.15920,1.15610,0.00310
TRIP_LOAD_633_B_H_37_B,1.15920,1.15610,0.00310
TRIP_LOAD_633_B_H_38_B,1.15920,1.15610,0.00310
TRIP_LOAD_633_B_H_39_B,1.15920,1.15610,0.00310
TRIP_LOAD_633_B_H_40_B,1.15920,1.15610,0.00310
TRIP_LOAD_632_B_H_1_B,1.15920,1.15610,0.00310
TRIP_LOAD_632_B_H_2_B,1.15920,1.15610,0.00310
TRIP_LOAD_632_B_H_3_B,1.15920,1.15610,0.00310
TRIP_LOAD_632_B_H_4_B,1.15920,1.15610,0.00310
TRIP_LOAD_632_B_H_5_B,1.15920,1.15610,0.00310
TRIP_LOAD_632_B_H_6_B,1.15920,1.15610,0.00310
TRIP_LOAD_632_B_H_7_B,1.15920,1.15610,0.00310
TRIP_LOAD_632_B_H_8_B,1.15920,1.15610,0.00310
TRIP_LOAD_632_B_H_9_B,1.15920,1.15610,0.00310
TRIP_LOAD_632_B_H_10_B,1.15920,1.15610,0.00310
TRIP_LOAD_632_B_H_11_B,1.15920,1.15610,0.00310
TRIP_LOAD_632_B_H_12_B,1.15920,1.15610,0.00310
TRIP_LOAD_632_B_H_13_B,1.15920,1.15610,0.00310
TRIP_LOAD_632_B_H_14_B,1.15920,1.15610,0.00310
TRIP_LOAD_632_B_H_15_B,1.15920,1.15610,0.00310
TRIP_LOAD_632_B_H_16_B,1.15920,1.15610,0.00310
TRIP_LOAD_632_B_H_17_B,1.15920,1.15610,0.00310
TRIP_LOAD_632_B_H_18_B,1.15920,1.15610,0.00310
TRIP_LOAD_632_B_H_19_B,1.15920,1.15610,0.00310
TRIP_LOAD_632_B_H_20_B,1.15920,1.15610,0.00310
TRIP_LOAD_632_B_H_21_B,1.15920,1.15610,0.00310
TRIP_LOAD_632_B_H_22_B,1.15920,1.15610,0.00310
TRIP_LOAD_632_B_H_23_B,1.15920,1.15610,0.00310
TRIP_LOAD_632_B_H_24_B,1.15920,1.15610,0.00310
TRIP_LOAD_632_B_H_25_B,1.15920,1.15610,0.00310
TRIP_LOAD_632_B_H_26_B,1.15920,1.15610,0.00310
TRIP_LOAD_632_B_H_27_B,1.15920,1.15610,0.00310
TRIP_LOAD_632_B_H_28_B,1.15920,1.15610,0.00310
TRIP_LOAD_632_B_H_29_B,1.15920,1.15610,0.00310
TRIP_LOAD_632_B_H_30_B,1.15920,1.15610,0.00310
TRIP_LOAD_632_B_H_31_B,1.15920,1.15610,0.00310
TRIP_LOAD_632_B_H_32_B,1.15920,1.15610,0.00310
TRIP_LOAD_632_B_H_33_B,1.15920,1.15610,0.00310
TRIP_LOAD_632_B_H_34_B,1.15920,1.15610,0.00310
TRIP_LOAD_632_B_H_35_B,1.15920,1.15610,0.00310
TRIP_LOAD_632_B_H_36_B,1.15920,1.15610,0.00310
TRIP_LOAD_632_B_H_37_B,1.15920,1.15610,0.00310
TRIP_LOAD_632_B_H_38_B,1.15920,1.15610,0.00310
TRIP_LOAD_632_B_H_39_B,1.15920,1.15610,0.00310
TRIP_LOAD_632_B_H_40_B,1.15920,1.15610,0.00310
N633_C,1.16580,1.16900,0.00320
N634_C,1.16580,1.16900,0.00320
XFMR_METER_632_C_1_C,1.16570,1.16890,0.00320
TRIP_NODE_632_C_1_A,1.16570,1.16890,0.00320
TRIP_NODE_632_C_1_B,1.16570,1.16890,0.00320
XFMR_METER_632_C_2_C,1.16570,1.16890,0.00320
TRIP_NODE_632_C_2_A,1.16570,1.16890,0.00320
TRIP_NODE_632_C_2_B,1.16570,1.16890,0.00320
XFMR_METER_632_C_3_C,1.16570,1.16890,0.00320
TRIP_NODE_632_C_3_A,1.16570,1.16890,0.00320
TRIP_NODE_632_C_3_B,1.16570,1.16890,0.00320
XFMR_METER_632_C_4_C,1.16570,1.16890,0.00320
TRIP_NODE_632_C_4_A,1.16570,1.16890,0.00320
TRIP_NODE_632_C_4_B,1.16570,1.16890,0.00320
XFMR_METER_632_C_5_C,1.16570,1.16890,0.00320
TRIP_NODE_632_C_5_A,1.16570,1.16890,0.00320
TRIP_NODE_632_C_5_B,1.16570,1.16890,0.00320
N632_C,1.16570,1.16890,0.00320
METER_632_C_C,1.16570,1.16890,0.00320
TRIP_LOAD_645_B_H_1_B,1.15910,1.15590,0.00320
TRIP_LOAD_645_B_H_2_B,1.15910,1.15590,0.00320
TRIP_LOAD_645_B_H_3_B,1.15910,1.15590,0.00320
TRIP_LOAD_645_B_H_4_B,1.15910,1.15590,0.00320
TRIP_LOAD_645_B_H_5_B,1.15910,1.15590,0.00320
TRIP_LOAD_645_B_H_6_B,1.15910,1.15590,0.00320
TRIP_LOAD_645_B_H_7_B,1.15910,1.15590,0.00320
TRIP_LOAD_645_B_H_8_B,1.15910,1.15590,0.00320
TRIP_LOAD_645_B_H_9_B,1.15910,1.15590,0.00320
TRIP_LOAD_645_B_H_10_B,1.15910,1.15590,0.00320
TRIP_LOAD_645_B_H_11_B,1.15910,1.15590,0.00320
TRIP_LOAD_645_B_H_12_B,1.15910,1.15590,0.00320
TRIP_LOAD_645_B_H_13_B,1.15910,1.15590,0.00320
TRIP_LOAD_645_B_H_14_B,1.15910,1.15590,0.00320
TRIP_LOAD_645_B_H_15_B,1.15910,1.15590,0.00320
TRIP_LOAD_645_B_H_16_B,1.15910,1.15590,0.00320
TRIP_LOAD_645_B_H_17_B,1.15910,1.15590,0.00320
TRIP_LOAD_645_B_H_18_B,1.15910,1.15590,0.00320
TRIP_LOAD_645_B_H_19_B,1.15910,1.15590,0.00320
TRIP_LOAD_645_B_H_20_B,1.15910,1.15590,0.00320
TRIP_LOAD_645_B_H_21_B,1.15910,1.15590,0.00320
TRIP_LOAD_645_B_H_22_B,1.15910,1.15590,0.00320
TRIP_LOAD_645_B_H_23_B,1.15910,1.15590,0.00320
TRIP_LOAD_645_B_H_24_B,1.15910,1.15590,0.00320
TRIP_LOAD_645_B_H_25_B,1.15910,1.15590,0.00320
TRIP_LOAD_645_B_H_26_B,1.15910,1.15590,0.00320
TRIP_LOAD_645_B_H_27_B,1.15910,1.15590,0.00320
TRIP_LOAD_645_B_H_28_B,1.15910,1.15590,0.00320
TRIP_LOAD_645_B_H_29_B,1.15910,1.15590,0.00320
TRIP_LOAD_645_B_H_30_B,1.15910,1.15590,0.00320
TRIP_LOAD_645_B_H_31_B,1.15910,1.15590,0.00320
TRIP_LOAD_645_B_H_32_B,1.15910,1.15590,0.00320
TRIP_LOAD_645_B_H_33_B,1.15910,1.15590,0.00320
TRIP_LOAD_645_B_H_34_B,1.15910,1.15590,0.00320
TRIP_LOAD_645_B_H_35_B,1.15910,1.15590,0.00320
TRIP_LOAD_645_B_H_36_B,1.15910,1.15590,0.00320
TRIP_LOAD_645_B_H_37_B,1.15910,1.15590,0.00320
TRIP_LOAD_645_B_H_38_B,1.15910,1.15590,0.00320
TRIP_LOAD_645_B_H_39_B,1.15910,1.15590,0.00320
TRIP_LOAD_645_B_H_40_B,1.15910,1.15590,0.00320
XFMR_METER_645_C_1_C,1.16580,1.16910,0.00330
TRIP_NODE_645_C_1_A,1.16580,1.16910,0.00330
TRIP_NODE_645_C_1_B,1.16580,1.16910,0.00330
XFMR_METER_645_C_2_C,1.16580,1.16910,0.00330
TRIP_NODE_645_C_2_A,1.16580,1.16910,0.00330
TRIP_NODE_645_C_2_B,1.16580,1.16910,0.00330
XFMR_METER_645_C_3_C,1.16580,1.16910,0.00330
TRIP_NODE_645_C_3_A,1.16580,1.16910,0.00330
TRIP_NODE_645_C_3_B,1.16580,1.16910,0.00330
XFMR_METER_645_C_4_C,1.16580,1.16910,0.00330
TRIP_NODE_645_C_4_A,1.16580,1.16910,0.00330
TRIP_NODE_645_C_4_B,1.16580,1.16910,0.00330
XFMR_METER_645_C_5_C,1.16580,1.16910,0.00330
TRIP_NODE_645_C_5_A,1.16580,1.16910,0.00330
TRIP_NODE_645_C_5_B,1.16580,1.16910,0.00330
XFMR_METER_633_C_1_C,1.16570,1.16900,0.00330
TRIP_NODE_633_C_1_A,1.16570,1.16900,0.00330
TRIP_NODE_633_C_1_B,1.16570,1.16900,0.00330
XFMR_METER_633_C_2_C,1.16570,1.16900,0.00330
TRIP_NODE_633_C_2_A,1.16570,1.16900,0.00330
TRIP_NODE_633_C_2_B,1.16570,1.16900,0.00330
XFMR_METER_633_C_3_C,1.16570,1.16900,0.00330
TRIP_NODE_633_C_3_A,1.16570,1.16900,0.00330
TRIP_NODE_633_C_3_B,1.16570,1.16900,0.00330
XFMR_METER_633_C_4_C,1.16570,1.16900,0.00330
TRIP_NODE_633_C_4_A,1.16570,1.16900,0.00330
TRIP_NODE_633_C_4_B,1.16570,1.16900,0.00330
XFMR_METER_633_C_5_C,1.16570,1.16900,0.00330
TRIP_NODE_633_C_5_A,1.16570,1.16900,0.00330
TRIP_NODE_633_C_5_B,1.16570,1.16900,0.00330
N645_C,1.16580,1.16910,0.00330
N646_C,1.16580,1.16910,0.00330
METER_645_C_C,1.16580,1.16910,0.00330
METER_633_C_C,1.16570,1.16900,0.00330
N6321_C,1.17240,1.17600,0.00360
N630_B,1.13540,1.13140,0.00400
XFMR_METER_692_C_1_C,1.19260,1.19730,0.00470
TRIP_NODE_692_C_1_A,1.19260,1.19730,0.00470
TRIP_NODE_692_C_1_B,1.19260,1.19730,0.00470
XFMR_METER_692_C_2_C,1.19260,1.19730,0.00470
TRIP_NODE_692_C_2_A,1.19260,1.19730,0.00470
TRIP_NODE_692_C_2_B,1.19260,1.19730,0.00470
XFMR_METER_692_C_3_C,1.19260,1.19730,0.00470
TRIP_NODE_692_C_3_A,1.19260,1.19730,0.00470
TRIP_NODE_692_C_3_B,1.19260,1.19730,0.00470
XFMR_METER_692_C_4_C,1.19260,1.19730,0.00470
TRIP_NODE_692_C_4_A,1.19260,1.19730,0.00470
TRIP_NODE_692_C_4_B,1.19260,1.19730,0.00470
XFMR_METER_692_C_5_C,1.19260,1.19730,0.00470
TRIP_NODE_692_C_5_A,1.19260,1.19730,0.00470
TRIP_NODE_692_C_5_B,1.19260,1.19730,0.00470
XFMR_METER_671_C_1_C,1.19260,1.19730,0.00470
TRIP_NODE_671_C_1_A,1.19260,1.19730,0.00470
TRIP_NODE_671_C_1_B,1.19260,1.19730,0.00470
XFMR_METER_671_C_2_C,1.19260,1.19730,0.00470
TRIP_NODE_671_C_2_A,1.19260,1.19730,0.00470
TRIP_NODE_671_C_2_B,1.19260,1.19730,0.00470
XFMR_METER_671_C_3_C,1.19260,1.19730,0.00470
TRIP_NODE_671_C_3_A,1.19260,1.19730,0.00470
TRIP_NODE_671_C_3_B,1.19260,1.19730,0.00470
XFMR_METER_671_C_4_C,1.19260,1.19730,0.00470
TRIP_NODE_671_C_4_A,1.19260,1.19730,0.00470
TRIP_NODE_671_C_4_B,1.19260,1.19730,0.00470
XFMR_METER_671_C_5_C,1.19260,1.19730,0.00470
TRIP_NODE_671_C_5_A,1.19260,1.19730,0.00470
TRIP_NODE_671_C_5_B,1.19260,1.19730,0.00470
N671_C,1.19260,1.19730,0.00470
N692_C,1.19260,1.19730,0.00470
METER_692_C_C,1.19260,1.19730,0.00470
METER_671_C_C,1.19260,1.19730,0.00470
XFMR_METER_611_C_1_C,1.19250,1.19720,0.00470
TRIP_NODE_611_C_1_A,1.19250,1.19720,0.00470
TRIP_NODE_611_C_1_B,1.19250,1.19720,0.00470
XFMR_METER_611_C_2_C,1.19250,1.19720,0.00470
TRIP_NODE_611_C_2_A,1.19250,1.19720,0.00470
TRIP_NODE_611_C_2_B,1.19250,1.19720,0.00470
XFMR_METER_611_C_3_C,1.19250,1.19720,0.00470
TRIP_NODE_611_C_3_A,1.19250,1.19720,0.00470
TRIP_NODE_611_C_3_B,1.19250,1.19720,0.00470
XFMR_METER_611_C_4_C,1.19250,1.19720,0.00470
TRIP_NODE_611_C_4_A,1.19250,1.19720,0.00470
TRIP_NODE_611_C_4_B,1.19250,1.19720,0.00470
XFMR_METER_611_C_5_C,1.19250,1.19720,0.00470
TRIP_NODE_611_C_5_A,1.19250,1.19720,0.00470
TRIP_NODE_611_C_5_B,1.19250,1.19720,0.00470
XFMR_METER_684_C_1_C,1.19250,1.19720,0.00470
TRIP_NODE_684_C_1_A,1.19250,1.19720,0.00470
TRIP_NODE_684_C_1_B,1.19250,1.19720,0.00470
XFMR_METER_684_C_2_C,1.19250,1.19720,0.00470
TRIP_NODE_684_C_2_A,1.19250,1.19720,0.00470
TRIP_NODE_684_C_2_B,1.19250,1.19720,0.00470
XFMR_METER_684_C_3_C,1.19250,1.19720,0.00470
TRIP_NODE_684_C_3_A,1.19250,1.19720,0.00470
TRIP_NODE_684_C_3_B,1.19250,1.19720,0.00470
XFMR_METER_684_C_4_C,1.19250,1.19720,0.00470
TRIP_NODE_684_C_4_A,1.19250,1.19720,0.00470
TRIP_NODE_684_C_4_B,1.19250,1.19720,0.00470
XFMR_METER_684_C_5_C,1.19250,1.19720,0.00470
TRIP_NODE_684_C_5_A,1.19250,1.19720,0.00470
TRIP_NODE_684_C_5_B,1.19250,1.19720,0.00470
N684_C,1.19250,1.19720,0.00470
N611_C,1.19250,1.19720,0.00470
METER_611_C_C,1.19250,1.19720,0.00470
METER_684_C_C,1.19250,1.19720,0.00470
XFMR_METER_680_C_1_C,1.19260,1.19750,0.00490
TRIP_NODE_680_C_1_A,1.19260,1.19750,0.00490
TRIP_NODE_680_C_1_B,1.19260,1.19750,0.00490
XFMR_METER_680_C_2_C,1.19260,1.19750,0.00490
TRIP_NODE_680_C_2_A,1.19260,1.19750,0.00490
TRIP_NODE_680_C_2_B,1.19260,1.19750,0.00490
XFMR_METER_680_C_3_C,1.19260,1.19750,0.00490
TRIP_NODE_680_C_3_A,1.19260,1.19750,0.00490
TRIP_NODE_680_C_3_B,1.19260,1.19750,0.00490
XFMR_METER_680_C_4_C,1.19260,1.19750,0.00490
TRIP_NODE_680_C_4_A,1.19260,1.19750,0.00490
TRIP_NODE_680_C_4_B,1.19260,1.19750,0.00490
XFMR_METER_680_C_5_C,1.19260,1.19750,0.00490
TRIP_NODE_680_C_5_A,1.19260,1.19750,0.00490
TRIP_NODE_680_C_5_B,1.19260,1.19750,0.00490
N680_C,1.19260,1.19750,0.00490
METER_680_C_C,1.19260,1.19750,0.00490
XFMR_METER_675_C_1_C,1.19930,1.20430,0.00500
TRIP_NODE_675_C_1_A,1.19930,1.20430,0.00500
TRIP_NODE_675_C_1_B,1.19930,1.20430,0.00500
XFMR_METER_675_C_2_C,1.19930,1.20430,0.00500
TRIP_NODE_675_C_2_A,1.19930,1.20430,0.00500
TRIP_NODE_675_C_2_B,1.19930,1.20430,0.00500
XFMR_METER_675_C_3_C,1.19930,1.20430,0.00500
TRIP_NODE_675_C_3_A,1.19930,1.20430,0.00500
TRIP_NODE_675_C_3_B,1.19930,1.20430,0.00500
XFMR_METER_675_C_4_C,1.19930,1.20430,0.00500
TRIP_NODE_675_C_4_A,1.19930,1.20430,0.00500
TRIP_NODE_675_C_4_B,1.19930,1.20430,0.00500
XFMR_METER_675_C_5_C,1.19930,1.20430,0.00500
TRIP_NODE_675_C_5_A,1.19930,1.20430,0.00500
TRIP_NODE_675_C_5_B,1.19930,1.20430,0.00500
N675_C,1.19930,1.20430,0.00500
METER_675_C_C,1.19930,1.20430,0.00500
N630_A,1.13360,1.12620,0.00740
XFMR_METER_632_A_1_A,1.15270,1.13670,0.01600
TRIP_NODE_632_A_1_A,1.15270,1.13670,0.01600
TRIP_NODE_632_A_1_B,1.15270,1.13670,0.01600
XFMR_METER_632_A_2_A,1.15270,1.13670,0.01600
TRIP_NODE_632_A_2_A,1.15270,1.13670,0.01600
TRIP_NODE_632_A_2_B,1.15270,1.13670,0.01600
XFMR_METER_632_A_3_A,1.15270,1.13670,0.01600
TRIP_NODE_632_A_3_A,1.15270,1.13670,0.01600
TRIP_NODE_632_A_3_B,1.15270,1.13670,0.01600
XFMR_METER_632_A_4_A,1.15270,1.13670,0.01600
TRIP_NODE_632_A_4_A,1.15270,1.13670,0.01600
TRIP_NODE_632_A_4_B,1.15270,1.13670,0.01600
XFMR_METER_632_A_5_A,1.15270,1.13670,0.01600
TRIP_NODE_632_A_5_A,1.15270,1.13670,0.01600
TRIP_NODE_632_A_5_B,1.15270,1.13670,0.01600
N632_A,1.15270,1.13670,0.01600
METER_632_A_A,1.15270,1.13670,0.01600
TRIP_LOAD_632_A_H_1_B,1.15270,1.13670,0.01600
TRIP_LOAD_632_A_H_2_B,1.15270,1.13670,0.01600
TRIP_LOAD_632_A_H_3_B,1.15270,1.13670,0.01600
TRIP_LOAD_632_A_H_4_B,1.15270,1.13670,0.01600
TRIP_LOAD_632_A_H_5_B,1.15270,1.13670,0.01600
TRIP_LOAD_632_A_H_6_B,1.15270,1.13670,0.01600
TRIP_LOAD_632_A_H_7_B,1.15270,1.13670,0.01600
TRIP_LOAD_632_A_H_8_B,1.15270,1.13670,0.01600
TRIP_LOAD_632_A_H_9_B,1.15270,1.13670,0.01600
TRIP_LOAD_632_A_H_10_B,1.15270,1.13670,0.01600
TRIP_LOAD_632_A_H_11_B,1.15270,1.13670,0.01600
TRIP_LOAD_632_A_H_12_B,1.15270,1.13670,0.01600
TRIP_LOAD_632_A_H_13_B,1.15270,1.13670,0.01600
TRIP_LOAD_632_A_H_14_B,1.15270,1.13670,0.01600
TRIP_LOAD_632_A_H_15_B,1.15270,1.13670,0.01600
TRIP_LOAD_632_A_H_16_B,1.15270,1.13670,0.01600
TRIP_LOAD_632_A_H_17_B,1.15270,1.13670,0.01600
TRIP_LOAD_632_A_H_18_B,1.15270,1.13670,0.01600
TRIP_LOAD_632_A_H_19_B,1.15270,1.13670,0.01600
TRIP_LOAD_632_A_H_20_B,1.15270,1.13670,0.01600
TRIP_LOAD_632_A_H_21_B,1.15270,1.13670,0.01600
TRIP_LOAD_632_A_H_22_B,1.15270,1.13670,0.01600
TRIP_LOAD_632_A_H_23_B,1.15270,1.13670,0.01600
TRIP_LOAD_632_A_H_24_B,1.15270,1.13670,0.01600
TRIP_LOAD_632_A_H_25_B,1.15270,1.13670,0.01600
TRIP_LOAD_632_A_H_26_B,1.15270,1.13670,0.01600
TRIP_LOAD_632_A_H_27_B,1.15270,1.13670,0.01600
TRIP_LOAD_632_A_H_28_B,1.15270,1.13670,0.01600
TRIP_LOAD_632_A_H_29_B,1.15270,1.13670,0.01600
TRIP_LOAD_632_A_H_30_B,1.15270,1.13670,0.01600
TRIP_LOAD_632_A_H_31_B,1.15270,1.13670,0.01600
TRIP_LOAD_632_A_H_32_B,1.15270,1.13670,0.01600
TRIP_LOAD_632_A_H_33_B,1.15270,1.13670,0.01600
TRIP_LOAD_632_A_H_34_B,1.15270,1.13670,0.01600
TRIP_LOAD_632_A_H_35_B,1.15270,1.13670,0.01600
TRIP_LOAD_632_A_H_36_B,1.15270,1.13670,0.01600
TRIP_LOAD_632_A_H_37_B,1.15270,1.13670,0.01600
TRIP_LOAD_632_A_H_38_B,1.15270,1.13670,0.01600
TRIP_LOAD_632_A_H_39_B,1.15270,1.13670,0.01600
TRIP_LOAD_632_A_H_40_B,1.15270,1.13670,0.01600
TRIP_LOAD_632_A_H_1_A,1.15260,1.13650,0.01610
TRIP_LOAD_632_A_H_2_A,1.15260,1.13650,0.01610
TRIP_LOAD_632_A_H_3_A,1.15260,1.13650,0.01610
TRIP_LOAD_632_A_H_4_A,1.15260,1.13650,0.01610
TRIP_LOAD_632_A_H_5_A,1.15260,1.13650,0.01610
TRIP_LOAD_632_A_H_6_A,1.15260,1.13650,0.01610
TRIP_LOAD_632_A_H_7_A,1.15260,1.13650,0.01610
TRIP_LOAD_632_A_H_8_A,1.15260,1.13650,0.01610
TRIP_LOAD_632_A_H_9_A,1.15260,1.13650,0.01610
TRIP_LOAD_632_A_H_10_A,1.15260,1.13650,0.01610
TRIP_LOAD_632_A_H_11_A,1.15260,1.13650,0.01610
TRIP_LOAD_632_A_H_12_A,1.15260,1.13650,0.01610
TRIP_LOAD_632_A_H_13_A,1.15260,1.13650,0.01610
TRIP_LOAD_632_A_H_14_A,1.15260,1.13650,0.01610
TRIP_LOAD_632_A_H_15_A,1.15260,1.13650,0.01610
TRIP_LOAD_632_A_H_16_A,1.15260,1.13650,0.01610
TRIP_LOAD_632_A_H_17_A,1.15260,1.13650,0.01610
TRIP_LOAD_632_A_H_18_A,1.15260,1.13650,0.01610
TRIP_LOAD_632_A_H_19_A,1.15260,1.13650,0.01610
TRIP_LOAD_632_A_H_20_A,1.15260,1.13650,0.01610
TRIP_LOAD_632_A_H_21_A,1.15260,1.13650,0.01610
TRIP_LOAD_632_A_H_22_A,1.15260,1.13650,0.01610
TRIP_LOAD_632_A_H_23_A,1.15260,1.13650,0.01610
TRIP_LOAD_632_A_H_24_A,1.15260,1.13650,0.01610
TRIP_LOAD_632_A_H_25_A,1.15260,1.13650,0.01610
TRIP_LOAD_632_A_H_26_A,1.15260,1.13650,0.01610
TRIP_LOAD_632_A_H_27_A,1.15260,1.13650,0.01610
TRIP_LOAD_632_A_H_28_A,1.15260,1.13650,0.01610
TRIP_LOAD_632_A_H_29_A,1.15260,1.13650,0.01610
TRIP_LOAD_632_A_H_30_A,1.15260,1.13650,0.01610
TRIP_LOAD_632_A_H_31_A,1.15260,1.13650,0.01610
TRIP_LOAD_632_A_H_32_A,1.15260,1.13650,0.01610
TRIP_LOAD_632_A_H_33_A,1.15260,1.13650,0.01610
TRIP_LOAD_632_A_H_34_A,1.15260,1.13650,0.01610
TRIP_LOAD_632_A_H_35_A,1.15260,1.13650,0.01610
TRIP_LOAD_632_A_H_36_A,1.15260,1.13650,0.01610
TRIP_LOAD_632_A_H_37_A,1.15260,1.13650,0.01610
TRIP_LOAD_632_A_H_38_A,1.15260,1.13650,0.01610
TRIP_LOAD_632_A_H_39_A,1.15260,1.13650,0.01610
TRIP_LOAD_632_A_H_40_A,1.15260,1.13650,0.01610
TRIP_LOAD_633_A_H_1_B,1.15260,1.13640,0.01620
TRIP_LOAD_633_A_H_2_B,1.15260,1.13640,0.01620
TRIP_LOAD_633_A_H_3_B,1.15260,1.13640,0.01620
TRIP_LOAD_633_A_H_4_B,1.15260,1.13640,0.01620
TRIP_LOAD_633_A_H_5_B,1.15260,1.13640,0.01620
TRIP_LOAD_633_A_H_6_B,1.15260,1.13640,0.01620
TRIP_LOAD_633_A_H_7_B,1.15260,1.13640,0.01620
TRIP_LOAD_633_A_H_8_B,1.15260,1.13640,0.01620
TRIP_LOAD_633_A_H_9_B,1.15260,1.13640,0.01620
TRIP_LOAD_633_A_H_10_B,1.15260,1.13640,0.01620
TRIP_LOAD_633_A_H_11_B,1.15260,1.13640,0.01620
TRIP_LOAD_633_A_H_12_B,1.15260,1.13640,0.01620
TRIP_LOAD_633_A_H_13_B,1.15260,1.13640,0.01620
TRIP_LOAD_633_A_H_14_B,1.15260,1.13640,0.01620
TRIP_LOAD_633_A_H_15_B,1.15260,1.13640,0.01620
TRIP_LOAD_633_A_H_16_B,1.15260,1.13640,0.01620
TRIP_LOAD_633_A_H_17_B,1.15260,1.13640,0.01620
TRIP_LOAD_633_A_H_18_B,1.15260,1.13640,0.01620
TRIP_LOAD_633_A_H_19_B,1.15260,1.13640,0.01620
TRIP_LOAD_633_A_H_20_B,1.15260,1.13640,0.01620
TRIP_LOAD_633_A_H_21_B,1.15260,1.13640,0.01620
TRIP_LOAD_633_A_H_22_B,1.15260,1.13640,0.01620
TRIP_LOAD_633_A_H_23_B,1.15260,1.13640,0.01620
TRIP_LOAD_633_A_H_24_B,1.15260,1.13640,0.01620
TRIP_LOAD_633_A_H_25_B,1.15260,1.13640,0.01620
TRIP_LOAD_633_A_H_26_B,1.15260,1.13640,0.01620
TRIP_LOAD_633_A_H_27_B,1.15260,1.13640,0.01620
TRIP_LOAD_633_A_H_28_B,1.15260,1.13640,0.01620
TRIP_LOAD_633_A_H_29_B,1.15260,1.13640,0.01620
TRIP_LOAD_633_A_H_30_B,1.15260,1.13640,0.01620
TRIP_LOAD_633_A_H_31_B,1.15260,1.13640,0.01620
TRIP_LOAD_633_A_H_32_B,1.15260,1.13640,0.01620
TRIP_LOAD_633_A_H_33_B,1.15260,1.13640,0.01620
TRIP_LOAD_633_A_H_34_B,1.15260,1.13640,0.01620
TRIP_LOAD_633_A_H_35_B,1.15260,1.13640,0.01620
TRIP_LOAD_633_A_H_36_B,1.15260,1.13640,0.01620
TRIP_LOAD_633_A_H_37_B,1.15260,1.13640,0.01620
TRIP_LOAD_633_A_H_38_B,1.15260,1.13640,0.01620
TRIP_LOAD_633_A_H_39_B,1.15260,1.13640,0.01620
TRIP_LOAD_633_A_H_40_B,1.15260,1.13640,0.01620
N633_A,1.15260,1.13630,0.01630
N634_A,1.15260,1.13630,0.01630
XFMR_METER_633_A_1_A,1.15260,1.13630,0.01630
TRIP_NODE_633_A_1_A,1.15260,1.13630,0.01630
TRIP_NODE_633_A_1_B,1.15260,1.13630,0.01630
XFMR_METER_633_A_2_A,1.15260,1.13630,0.01630
TRIP_NODE_633_A_2_A,1.15260,1.13630,0.01630
TRIP_NODE_633_A_2_B,1.15260,1.13630,0.01630
XFMR_METER_633_A_3_A,1.15260,1.13630,0.01630
TRIP_NODE_633_A_3_A,1.15260,1.13630,0.01630
TRIP_NODE_633_A_3_B,1.15260,1.13630,0.01630
XFMR_METER_633_A_4_A,1.15260,1.13630,0.01630
TRIP_NODE_633_A_4_A,1.15260,1.13630,0.01630
TRIP_NODE_633_A_4_B,1.15260,1.13630,0.01630
XFMR_METER_633_A_5_A,1.15260,1.13630,0.01630
TRIP_NODE_633_A_5_A,1.15260,1.13630,0.01630
TRIP_NODE_633_A_5_B,1.15260,1.13630,0.01630
METER_633_A_A,1.15260,1.13630,0.01630
TRIP_LOAD_633_A_H_1_A,1.15250,1.13610,0.01640
TRIP_LOAD_633_A_H_2_A,1.15250,1.13610,0.01640
TRIP_LOAD_633_A_H_3_A,1.15250,1.13610,0.01640
TRIP_LOAD_633_A_H_4_A,1.15250,1.13610,0.01640
TRIP_LOAD_633_A_H_5_A,1.15250,1.13610,0.01640
TRIP_LOAD_633_A_H_6_A,1.15250,1.13610,0.01640
TRIP_LOAD_633_A_H_7_A,1.15250,1.13610,0.01640
TRIP_LOAD_633_A_H_8_A,1.15250,1.13610,0.01640
TRIP_LOAD_633_A_H_9_A,1.15250,1.13610,0.01640
TRIP_LOAD_633_A_H_10_A,1.15250,1.13610,0.01640
TRIP_LOAD_633_A_H_11_A,1.15250,1.13610,0.01640
TRIP_LOAD_633_A_H_12_A,1.15250,1.13610,0.01640
TRIP_LOAD_633_A_H_13_A,1.15250,1.13610,0.01640
TRIP_LOAD_633_A_H_14_A,1.15250,1.13610,0.01640
TRIP_LOAD_633_A_H_15_A,1.15250,1.13610,0.01640
TRIP_LOAD_633_A_H_16_A,1.15250,1.13610,0.01640
TRIP_LOAD_633_A_H_17_A,1.15250,1.13610,0.01640
TRIP_LOAD_633_A_H_18_A,1.15250,1.13610,0.01640
TRIP_LOAD_633_A_H_19_A,1.15250,1.13610,0.01640
TRIP_LOAD_633_A_H_20_A,1.15250,1.13610,0.01640
TRIP_LOAD_633_A_H_21_A,1.15250,1.13610,0.01640
TRIP_LOAD_633_A_H_22_A,1.15250,1.13610,0.01640
TRIP_LOAD_633_A_H_23_A,1.15250,1.13610,0.01640
TRIP_LOAD_633_A_H_24_A,1.15250,1.13610,0.01640
TRIP_LOAD_633_A_H_25_A,1.15250,1.13610,0.01640
TRIP_LOAD_633_A_H_26_A,1.15250,1.13610,0.01640
TRIP_LOAD_633_A_H_27_A,1.15250,1.13610,0.01640
TRIP_LOAD_633_A_H_28_A,1.15250,1.13610,0.01640
TRIP_LOAD_633_A_H_29_A,1.15250,1.13610,0.01640
TRIP_LOAD_633_A_H_30_A,1.15250,1.13610,0.01640
TRIP_LOAD_633_A_H_31_A,1.15250,1.13610,0.01640
TRIP_LOAD_633_A_H_32_A,1.15250,1.13610,0.01640
TRIP_LOAD_633_A_H_33_A,1.15250,1.13610,0.01640
TRIP_LOAD_633_A_H_34_A,1.15250,1.13610,0.01640
TRIP_LOAD_633_A_H_35_A,1.15250,1.13610,0.01640
TRIP_LOAD_633_A_H_36_A,1.15250,1.13610,0.01640
TRIP_LOAD_633_A_H_37_A,1.15250,1.13610,0.01640
TRIP_LOAD_633_A_H_38_A,1.15250,1.13610,0.01640
TRIP_LOAD_633_A_H_39_A,1.15250,1.13610,0.01640
TRIP_LOAD_633_A_H_40_A,1.15250,1.13610,0.01640
N6321_A,1.15790,1.14030,0.01760
N692_A,1.17360,1.15130,0.02230
METER_692_A_A,1.17360,1.15130,0.02230
TRIP_LOAD_692_A_H_1_B,1.17360,1.15130,0.02230
TRIP_LOAD_692_A_H_2_B,1.17360,1.15130,0.02230
TRIP_LOAD_692_A_H_3_B,1.17360,1.15130,0.02230
TRIP_LOAD_692_A_H_4_B,1.17360,1.15130,0.02230
TRIP_LOAD_692_A_H_5_B,1.17360,1.15130,0.02230
TRIP_LOAD_692_A_H_6_B,1.17360,1.15130,0.02230
TRIP_LOAD_692_A_H_7_B,1.17360,1.15130,0.02230
TRIP_LOAD_692_A_H_8_B,1.17360,1.15130,0.02230
TRIP_LOAD_692_A_H_9_B,1.17360,1.15130,0.02230
TRIP_LOAD_692_A_H_10_B,1.17360,1.15130,0.02230
TRIP_LOAD_692_A_H_11_B,1.17360,1.15130,0.02230
TRIP_LOAD_692_A_H_12_B,1.17360,1.15130,0.02230
TRIP_LOAD_692_A_H_13_B,1.17360,1.15130,0.02230
TRIP_LOAD_692_A_H_14_B,1.17360,1.15130,0.02230
TRIP_LOAD_692_A_H_15_B,1.17360,1.15130,0.02230
TRIP_LOAD_692_A_H_16_B,1.17360,1.15130,0.02230
TRIP_LOAD_692_A_H_17_B,1.17360,1.15130,0.02230
TRIP_LOAD_692_A_H_18_B,1.17360,1.15130,0.02230
TRIP_LOAD_692_A_H_19_B,1.17360,1.15130,0.02230
TRIP_LOAD_692_A_H_20_B,1.17360,1.15130,0.02230
TRIP_LOAD_692_A_H_21_B,1.17360,1.15130,0.02230
TRIP_LOAD_692_A_H_22_B,1.17360,1.15130,0.02230
TRIP_LOAD_692_A_H_23_B,1.17360,1.15130,0.02230
TRIP_LOAD_692_A_H_24_B,1.17360,1.15130,0.02230
TRIP_LOAD_692_A_H_25_B,1.17360,1.15130,0.02230
TRIP_LOAD_692_A_H_26_B,1.17360,1.15130,0.02230
TRIP_LOAD_692_A_H_27_B,1.17360,1.15130,0.02230
TRIP_LOAD_692_A_H_28_B,1.17360,1.15130,0.02230
TRIP_LOAD_692_A_H_29_B,1.17360,1.15130,0.02230
TRIP_LOAD_692_A_H_30_B,1.17360,1.15130,0.02230
TRIP_LOAD_692_A_H_31_B,1.17360,1.15130,0.02230
TRIP_LOAD_692_A_H_32_B,1.17360,1.15130,0.02230
TRIP_LOAD_692_A_H_33_B,1.17360,1.15130,0.02230
TRIP_LOAD_692_A_H_34_B,1.17360,1.15130,0.02230
TRIP_LOAD_692_A_H_35_B,1.17360,1.15130,0.02230
TRIP_LOAD_692_A_H_36_B,1.17360,1.15130,0.02230
TRIP_LOAD_692_A_H_37_B,1.17360,1.15130,0.02230
TRIP_LOAD_692_A_H_38_B,1.17360,1.15130,0.02230
TRIP_LOAD_692_A_H_39_B,1.17360,1.15130,0.02230
TRIP_LOAD_692_A_H_40_B,1.17360,1.15130,0.02230
TRIP_LOAD_671_A_H_1_B,1.17360,1.15130,0.02230
TRIP_LOAD_671_A_H_2_B,1.17360,1.15130,0.02230
TRIP_LOAD_671_A_H_3_B,1.17360,1.15130,0.02230
TRIP_LOAD_671_A_H_4_B,1.17360,1.15130,0.02230
TRIP_LOAD_671_A_H_5_B,1.17360,1.15130,0.02230
TRIP_LOAD_671_A_H_6_B,1.17360,1.15130,0.02230
TRIP_LOAD_671_A_H_7_B,1.17360,1.15130,0.02230
TRIP_LOAD_671_A_H_8_B,1.17360,1.15130,0.02230
TRIP_LOAD_671_A_H_9_B,1.17360,1.15130,0.02230
TRIP_LOAD_671_A_H_10_B,1.17360,1.15130,0.02230
TRIP_LOAD_671_A_H_11_B,1.17360,1.15130,0.02230
TRIP_LOAD_671_A_H_12_B,1.17360,1.15130,0.02230
TRIP_LOAD_671_A_H_13_B,1.17360,1.15130,0.02230
TRIP_LOAD_671_A_H_14_B,1.17360,1.15130,0.02230
TRIP_LOAD_671_A_H_15_B,1.17360,1.15130,0.02230
TRIP_LOAD_671_A_H_16_B,1.17360,1.15130,0.02230
TRIP_LOAD_671_A_H_17_B,1.17360,1.15130,0.02230
TRIP_LOAD_671_A_H_18_B,1.17360,1.15130,0.02230
TRIP_LOAD_671_A_H_19_B,1.17360,1.15130,0.02230
TRIP_LOAD_671_A_H_20_B,1.17360,1.15130,0.02230
TRIP_LOAD_671_A_H_21_B,1.17360,1.15130,0.02230
TRIP_LOAD_671_A_H_22_B,1.17360,1.15130,0.02230
TRIP_LOAD_671_A_H_23_B,1.17360,1.15130,0.02230
TRIP_LOAD_671_A_H_24_B,1.17360,1.15130,0.02230
TRIP_LOAD_671_A_H_25_B,1.17360,1.15130,0.02230
TRIP_LOAD_671_A_H_26_B,1.17360,1.15130,0.02230
TRIP_LOAD_671_A_H_27_B,1.17360,1.15130,0.02230
TRIP_LOAD_671_A_H_28_B,1.17360,1.15130,0.02230
TRIP_LOAD_671_A_H_29_B,1.17360,1.15130,0.02230
TRIP_LOAD_671_A_H_30_B,1.17360,1.15130,0.02230
TRIP_LOAD_671_A_H_31_B,1.17360,1.15130,0.02230
TRIP_LOAD_671_A_H_32_B,1.17360,1.15130,0.02230
TRIP_LOAD_671_A_H_33_B,1.17360,1.15130,0.02230
TRIP_LOAD_671_A_H_34_B,1.17360,1.15130,0.02230
TRIP_LOAD_671_A_H_35_B,1.17360,1.15130,0.02230
TRIP_LOAD_671_A_H_36_B,1.17360,1.15130,0.02230
TRIP_LOAD_671_A_H_37_B,1.17360,1.15130,0.02230
TRIP_LOAD_671_A_H_38_B,1.17360,1.15130,0.02230
TRIP_LOAD_671_A_H_39_B,1.17360,1.15130,0.02230
TRIP_LOAD_671_A_H_40_B,1.17360,1.15130,0.02230
XFMR_METER_692_A_1_A,1.17360,1.15120,0.02240
TRIP_NODE_692_A_1_A,1.17360,1.15120,0.02240
TRIP_NODE_692_A_1_B,1.17360,1.15120,0.02240
XFMR_METER_692_A_2_A,1.17360,1.15120,0.02240
TRIP_NODE_692_A_2_A,1.17360,1.15120,0.02240
TRIP_NODE_692_A_2_B,1.17360,1.15120,0.02240
XFMR_METER_692_A_3_A,1.17360,1.15120,0.02240
TRIP_NODE_692_A_3_A,1.17360,1.15120,0.02240
TRIP_NODE_692_A_3_B,1.17360,1.15120,0.02240
XFMR_METER_692_A_4_A,1.17360,1.15120,0.02240
TRIP_NODE_692_A_4_A,1.17360,1.15120,0.02240
TRIP_NODE_692_A_4_B,1.17360,1.15120,0.02240
XFMR_METER_692_A_5_A,1.17360,1.15120,0.02240
TRIP_NODE_692_A_5_A,1.17360,1.15120,0.02240
TRIP_NODE_692_A_5_B,1.17360,1.15120,0.02240
XFMR_METER_671_A_1_A,1.17360,1.15120,0.02240
TRIP_NODE_671_A_1_A,1.17360,1.15120,0.02240
TRIP_NODE_671_A_1_B,1.17360,1.15120,0.02240
XFMR_METER_671_A_2_A,1.17360,1.15120,0.02240
TRIP_NODE_671_A_2_A,1.17360,1.15120,0.02240
TRIP_NODE_671_A_2_B,1.17360,1.15120,0.02240
XFMR_METER_671_A_3_A,1.17360,1.15120,0.02240
TRIP_NODE_671_A_3_A,1.17360,1.15120,0.02240
TRIP_NODE_671_A_3_B,1.17360,1.15120,0.02240
XFMR_METER_671_A_4_A,1.17360,1.15120,0.02240
TRIP_NODE_671_A_4_A,1.17360,1.15120,0.02240
TRIP_NODE_671_A_4_B,1.17360,1.15120,0.02240
XFMR_METER_671_A_5_A,1.17360,1.15120,0.02240
TRIP_NODE_671_A_5_A,1.17360,1.15120,0.02240
TRIP_NODE_671_A_5_B,1.17360,1.15120,0.02240
N671_A,1.17360,1.15120,0.02240
METER_671_A_A,1.17360,1.15120,0.02240
XFMR_METER_684_A_1_A,1.17350,1.15100,0.02250
TRIP_NODE_684_A_1_A,1.17350,1.15100,0.02250
TRIP_NODE_684_A_1_B,1.17350,1.15100,0.02250
XFMR_METER_684_A_2_A,1.17350,1.15100,0.02250
TRIP_NODE_684_A_2_A,1.17350,1.15100,0.02250
TRIP_NODE_684_A_2_B,1.17350,1.15100,0.02250
XFMR_METER_684_A_3_A,1.17350,1.15100,0.02250
TRIP_NODE_684_A_3_A,1.17350,1.15100,0.02250
TRIP_NODE_684_A_3_B,1.17350,1.15100,0.02250
XFMR_METER_684_A_4_A,1.17350,1.15100,0.02250
TRIP_NODE_684_A_4_A,1.17350,1.15100,0.02250
TRIP_NODE_684_A_4_B,1.17350,1.15100,0.02250
XFMR_METER_684_A_5_A,1.17350,1.15100,0.02250
TRIP_NODE_684_A_5_A,1.17350,1.15100,0.02250
TRIP_NODE_684_A_5_B,1.17350,1.15100,0.02250
N684_A,1.17350,1.15100,0.02250
METER_684_A_A,1.17350,1.15100,0.02250
TRIP_LOAD_652_A_H_1_B,1.17340,1.15090,0.02250
TRIP_LOAD_652_A_H_2_B,1.17340,1.15090,0.02250
TRIP_LOAD_652_A_H_3_B,1.17340,1.15090,0.02250
TRIP_LOAD_652_A_H_4_B,1.17340,1.15090,0.02250
TRIP_LOAD_652_A_H_5_B,1.17340,1.15090,0.02250
TRIP_LOAD_652_A_H_6_B,1.17340,1.15090,0.02250
TRIP_LOAD_652_A_H_7_B,1.17340,1.15090,0.02250
TRIP_LOAD_652_A_H_8_B,1.17340,1.15090,0.02250
TRIP_LOAD_652_A_H_9_B,1.17340,1.15090,0.02250
TRIP_LOAD_652_A_H_10_B,1.17340,1.15090,0.02250
TRIP_LOAD_652_A_H_11_B,1.17340,1.15090,0.02250
TRIP_LOAD_652_A_H_12_B,1.17340,1.15090,0.02250
TRIP_LOAD_652_A_H_13_B,1.17340,1.15090,0.02250
TRIP_LOAD_652_A_H_14_B,1.17340,1.15090,0.02250
TRIP_LOAD_652_A_H_15_B,1.17340,1.15090,0.02250
TRIP_LOAD_652_A_H_16_B,1.17340,1.15090,0.02250
TRIP_LOAD_652_A_H_17_B,1.17340,1.15090,0.02250
TRIP_LOAD_652_A_H_18_B,1.17340,1.15090,0.02250
TRIP_LOAD_652_A_H_19_B,1.17340,1.15090,0.02250
TRIP_LOAD_652_A_H_20_B,1.17340,1.15090,0.02250
TRIP_LOAD_652_A_H_21_B,1.17340,1.15090,0.02250
TRIP_LOAD_652_A_H_22_B,1.17340,1.15090,0.02250
TRIP_LOAD_652_A_H_23_B,1.17340,1.15090,0.02250
TRIP_LOAD_652_A_H_24_B,1.17340,1.15090,0.02250
TRIP_LOAD_652_A_H_25_B,1.17340,1.15090,0.02250
TRIP_LOAD_652_A_H_26_B,1.17340,1.15090,0.02250
TRIP_LOAD_652_A_H_27_B,1.17340,1.15090,0.02250
TRIP_LOAD_652_A_H_28_B,1.17340,1.15090,0.02250
TRIP_LOAD_652_A_H_29_B,1.17340,1.15090,0.02250
TRIP_LOAD_652_A_H_30_B,1.17340,1.15090,0.02250
TRIP_LOAD_652_A_H_31_B,1.17340,1.15090,0.02250
TRIP_LOAD_652_A_H_32_B,1.17340,1.15090,0.02250
TRIP_LOAD_652_A_H_33_B,1.17340,1.15090,0.02250
TRIP_LOAD_652_A_H_34_B,1.17340,1.15090,0.02250
TRIP_LOAD_652_A_H_35_B,1.17340,1.15090,0.02250
TRIP_LOAD_652_A_H_36_B,1.17340,1.15090,0.02250
TRIP_LOAD_652_A_H_37_B,1.17340,1.15090,0.02250
TRIP_LOAD_652_A_H_38_B,1.17340,1.15090,0.02250
TRIP_LOAD_652_A_H_39_B,1.17340,1.15090,0.02250
TRIP_LOAD_652_A_H_40_B,1.17340,1.15090,0.02250
TRIP_LOAD_684_A_H_1_B,1.17350,1.15100,0.02250
TRIP_LOAD_684_A_H_2_B,1.17350,1.15100,0.02250
TRIP_LOAD_684_A_H_3_B,1.17350,1.15100,0.02250
TRIP_LOAD_684_A_H_4_B,1.17350,1.15100,0.02250
TRIP_LOAD_684_A_H_5_B,1.17350,1.15100,0.02250
TRIP_LOAD_684_A_H_6_B,1.17350,1.15100,0.02250
TRIP_LOAD_684_A_H_7_B,1.17350,1.15100,0.02250
TRIP_LOAD_684_A_H_8_B,1.17350,1.15100,0.02250
TRIP_LOAD_684_A_H_9_B,1.17350,1.15100,0.02250
TRIP_LOAD_684_A_H_10_B,1.17350,1.15100,0.02250
TRIP_LOAD_684_A_H_11_B,1.17350,1.15100,0.02250
TRIP_LOAD_684_A_H_12_B,1.17350,1.15100,0.02250
TRIP_LOAD_684_A_H_13_B,1.17350,1.15100,0.02250
TRIP_LOAD_684_A_H_14_B,1.17350,1.15100,0.02250
TRIP_LOAD_684_A_H_15_B,1.17350,1.15100,0.02250
TRIP_LOAD_684_A_H_16_B,1.17350,1.15100,0.02250
TRIP_LOAD_684_A_H_17_B,1.17350,1.15100,0.02250
TRIP_LOAD_684_A_H_18_B,1.17350,1.15100,0.02250
TRIP_LOAD_684_A_H_19_B,1.17350,1.15100,0.02250
TRIP_LOAD_684_A_H_20_B,1.17350,1.15100,0.02250
TRIP_LOAD_684_A_H_21_B,1.17350,1.15100,0.02250
TRIP_LOAD_684_A_H_22_B,1.17350,1.15100,0.02250
TRIP_LOAD_684_A_H_23_B,1.17350,1.15100,0.02250
TRIP_LOAD_684_A_H_24_B,1.17350,1.15100,0.02250
TRIP_LOAD_684_A_H_25_B,1.17350,1.15100,0.02250
TRIP_LOAD_684_A_H_26_B,1.17350,1.15100,0.02250
TRIP_LOAD_684_A_H_27_B,1.17350,1.15100,0.02250
TRIP_LOAD_684_A_H_28_B,1.17350,1.15100,0.02250
TRIP_LOAD_684_A_H_29_B,1.17350,1.15100,0.02250
TRIP_LOAD_684_A_H_30_B,1.17350,1.15100,0.02250
TRIP_LOAD_684_A_H_31_B,1.17350,1.15100,0.02250
TRIP_LOAD_684_A_H_32_B,1.17350,1.15100,0.02250
TRIP_LOAD_684_A_H_33_B,1.17350,1.15100,0.02250
TRIP_LOAD_684_A_H_34_B,1.17350,1.15100,0.02250
TRIP_LOAD_684_A_H_35_B,1.17350,1.15100,0.02250
TRIP_LOAD_684_A_H_36_B,1.17350,1.15100,0.02250
TRIP_LOAD_684_A_H_37_B,1.17350,1.15100,0.02250
TRIP_LOAD_684_A_H_38_B,1.17350,1.15100,0.02250
TRIP_LOAD_684_A_H_39_B,1.17350,1.15100,0.02250
TRIP_LOAD_684_A_H_40_B,1.17350,1.15100,0.02250
TRIP_LOAD_692_A_H_1_A,1.17350,1.15100,0.02250
TRIP_LOAD_692_A_H_2_A,1.17350,1.15100,0.02250
TRIP_LOAD_692_A_H_3_A,1.17350,1.15100,0.02250
TRIP_LOAD_692_A_H_4_A,1.17350,1.15100,0.02250
TRIP_LOAD_692_A_H_5_A,1.17350,1.15100,0.02250
TRIP_LOAD_692_A_H_6_A,1.17350,1.15100,0.02250
TRIP_LOAD_692_A_H_7_A,1.17350,1.15100,0.02250
TRIP_LOAD_692_A_H_8_A,1.17350,1.15100,0.02250
TRIP_LOAD_692_A_H_9_A,1.17350,1.15100,0.02250
TRIP_LOAD_692_A_H_10_A,1.17350,1.15100,0.02250
TRIP_LOAD_692_A_H_11_A,1.17350,1.15100,0.02250
TRIP_LOAD_692_A_H_12_A,1.17350,1.15100,0.02250
TRIP_LOAD_692_A_H_13_A,1.17350,1.15100,0.02250
TRIP_LOAD_692_A_H_14_A,1.17350,1.15100,0.02250
TRIP_LOAD_692_A_H_15_A,1.17350,1.15100,0.02250
TRIP_LOAD_692_A_H_16_A,1.17350,1.15100,0.02250
TRIP_LOAD_692_A_H_17_A,1.17350,1.15100,0.02250
TRIP_LOAD_692_A_H_18_A,1.17350,1.15100,0.02250
TRIP_LOAD_692_A_H_19_A,1.17350,1.15100,0.02250
TRIP_LOAD_692_A_H_20_A,1.17350,1.15100,0.02250
TRIP_LOAD_692_A_H_21_A,1.17350,1.15100,0.02250
TRIP_LOAD_692_A_H_22_A,1.17350,1.15100,0.02250
TRIP_LOAD_692_A_H_23_A,1.17350,1.15100,0.02250
TRIP_LOAD_692_A_H_24_A,1.17350,1.15100,0.02250
TRIP_LOAD_692_A_H_25_A,1.17350,1.15100,0.02250
TRIP_LOAD_692_A_H_26_A,1.17350,1.15100,0.02250
TRIP_LOAD_692_A_H_27_A,1.17350,1.15100,0.02250
TRIP_LOAD_692_A_H_28_A,1.17350,1.15100,0.02250
TRIP_LOAD_692_A_H_29_A,1.17350,1.15100,0.02250
TRIP_LOAD_692_A_H_30_A,1.17350,1.15100,0.02250
TRIP_LOAD_692_A_H_31_A,1.17350,1.15100,0.02250
TRIP_LOAD_692_A_H_32_A,1.17350,1.15100,0.02250
TRIP_LOAD_692_A_H_33_A,1.17350,1.15100,0.02250
TRIP_LOAD_692_A_H_34_A,1.17350,1.15100,0.02250
TRIP_LOAD_692_A_H_35_A,1.17350,1.15100,0.02250
TRIP_LOAD_692_A_H_36_A,1.17350,1.15100,0.02250
TRIP_LOAD_692_A_H_37_A,1.17350,1.15100,0.02250
TRIP_LOAD_692_A_H_38_A,1.17350,1.15100,0.02250
TRIP_LOAD_692_A_H_39_A,1.17350,1.15100,0.02250
TRIP_LOAD_692_A_H_40_A,1.17350,1.15100,0.02250
TRIP_LOAD_671_A_H_1_A,1.17350,1.15100,0.02250
TRIP_LOAD_671_A_H_2_A,1.17350,1.15100,0.02250
TRIP_LOAD_671_A_H_3_A,1.17350,1.15100,0.02250
TRIP_LOAD_671_A_H_4_A,1.17350,1.15100,0.02250
TRIP_LOAD_671_A_H_5_A,1.17350,1.15100,0.02250
TRIP_LOAD_671_A_H_6_A,1.17350,1.15100,0.02250
TRIP_LOAD_671_A_H_7_A,1.17350,1.15100,0.02250
TRIP_LOAD_671_A_H_8_A,1.17350,1.15100,0.02250
TRIP_LOAD_671_A_H_9_A,1.17350,1.15100,0.02250
TRIP_LOAD_671_A_H_10_A,1.17350,1.15100,0.02250
TRIP_LOAD_671_A_H_11_A,1.17350,1.15100,0.02250
TRIP_LOAD_671_A_H_12_A,1.17350,1.15100,0.02250
TRIP_LOAD_671_A_H_13_A,1.17350,1.15100,0.02250
TRIP_LOAD_671_A_H_14_A,1.17350,1.15100,0.02250
TRIP_LOAD_671_A_H_15_A,1.17350,1.15100,0.02250
TRIP_LOAD_671_A_H_16_A,1.17350,1.15100,0.02250
TRIP_LOAD_671_A_H_17_A,1.17350,1.15100,0.02250
TRIP_LOAD_671_A_H_18_A,1.17350,1.15100,0.02250
TRIP_LOAD_671_A_H_19_A,1.17350,1.15100,0.02250
TRIP_LOAD_671_A_H_20_A,1.17350,1.15100,0.02250
TRIP_LOAD_671_A_H_21_A,1.17350,1.15100,0.02250
TRIP_LOAD_671_A_H_22_A,1.17350,1.15100,0.02250
TRIP_LOAD_671_A_H_23_A,1.17350,1.15100,0.02250
TRIP_LOAD_671_A_H_24_A,1.17350,1.15100,0.02250
TRIP_LOAD_671_A_H_25_A,1.17350,1.15100,0.02250
TRIP_LOAD_671_A_H_26_A,1.17350,1.15100,0.02250
TRIP_LOAD_671_A_H_27_A,1.17350,1.15100,0.02250
TRIP_LOAD_671_A_H_28_A,1.17350,1.15100,0.02250
TRIP_LOAD_671_A_H_29_A,1.17350,1.15100,0.02250
TRIP_LOAD_671_A_H_30_A,1.17350,1.15100,0.02250
TRIP_LOAD_671_A_H_31_A,1.17350,1.15100,0.02250
TRIP_LOAD_671_A_H_32_A,1.17350,1.15100,0.02250
TRIP_LOAD_671_A_H_33_A,1.17350,1.15100,0.02250
TRIP_LOAD_671_A_H_34_A,1.17350,1.15100,0.02250
TRIP_LOAD_671_A_H_35_A,1.17350,1.15100,0.02250
TRIP_LOAD_671_A_H_36_A,1.17350,1.15100,0.02250
TRIP_LOAD_671_A_H_37_A,1.17350,1.15100,0.02250
TRIP_LOAD_671_A_H_38_A,1.17350,1.15100,0.02250
TRIP_LOAD_671_A_H_39_A,1.17350,1.15100,0.02250
TRIP_LOAD_671_A_H_40_A,1.17350,1.15100,0.02250
XFMR_METER_652_A_1_A,1.17340,1.15080,0.02260
TRIP_NODE_652_A_1_A,1.17340,1.15080,0.02260
TRIP_NODE_652_A_1_B,1.17340,1.15080,0.02260
XFMR_METER_652_A_2_A,1.17340,1.15080,0.02260
TRIP_NODE_652_A_2_A,1.17340,1.15080,0.02260
TRIP_NODE_652_A_2_B,1.17340,1.15080,0.02260
XFMR_METER_652_A_3_A,1.17340,1.15080,0.02260
TRIP_NODE_652_A_3_A,1.17340,1.15080,0.02260
TRIP_NODE_652_A_3_B,1.17340,1.15080,0.02260
XFMR_METER_652_A_4_A,1.17340,1.15080,0.02260
TRIP_NODE_652_A_4_A,1.17340,1.15080,0.02260
TRIP_NODE_652_A_4_B,1.17340,1.15080,0.02260
XFMR_METER_652_A_5_A,1.17340,1.15080,0.02260
TRIP_NODE_652_A_5_A,1.17340,1.15080,0.02260
TRIP_NODE_652_A_5_B,1.17340,1.15080,0.02260
N652_A,1.17340,1.15080,0.02260
METER_652_A_A,1.17340,1.15080,0.02260
TRIP_LOAD_684_A_H_1_A,1.17340,1.15080,0.02260
TRIP_LOAD_684_A_H_2_A,1.17340,1.15080,0.02260
TRIP_LOAD_684_A_H_3_A,1.17340,1.15080,0.02260
TRIP_LOAD_684_A_H_4_A,1.17340,1.15080,0.02260
TRIP_LOAD_684_A_H_5_A,1.17340,1.15080,0.02260
TRIP_LOAD_684_A_H_6_A,1.17340,1.15080,0.02260
TRIP_LOAD_684_A_H_7_A,1.17340,1.15080,0.02260
TRIP_LOAD_684_A_H_8_A,1.17340,1.15080,0.02260
TRIP_LOAD_684_A_H_9_A,1.17340,1.15080,0.02260
TRIP_LOAD_684_A_H_10_A,1.17340,1.15080,0.02260
TRIP_LOAD_684_A_H_11_A,1.17340,1.15080,0.02260
TRIP_LOAD_684_A_H_12_A,1.17340,1.15080,0.02260
TRIP_LOAD_684_A_H_13_A,1.17340,1.15080,0.02260
TRIP_LOAD_684_A_H_14_A,1.17340,1.15080,0.02260
TRIP_LOAD_684_A_H_15_A,1.17340,1.15080,0.02260
TRIP_LOAD_684_A_H_16_A,1.17340,1.15080,0.02260
TRIP_LOAD_684_A_H_17_A,1.17340,1.15080,0.02260
TRIP_LOAD_684_A_H_18_A,1.17340,1.15080,0.02260
TRIP_LOAD_684_A_H_19_A,1.17340,1.15080,0.02260
TRIP_LOAD_684_A_H_20_A,1.17340,1.15080,0.02260
TRIP_LOAD_684_A_H_21_A,1.17340,1.15080,0.02260
TRIP_LOAD_684_A_H_22_A,1.17340,1.15080,0.02260
TRIP_LOAD_684_A_H_23_A,1.17340,1.15080,0.02260
TRIP_LOAD_684_A_H_24_A,1.17340,1.15080,0.02260
TRIP_LOAD_684_A_H_25_A,1.17340,1.15080,0.02260
TRIP_LOAD_684_A_H_26_A,1.17340,1.15080,0.02260
TRIP_LOAD_684_A_H_27_A,1.17340,1.15080,0.02260
TRIP_LOAD_684_A_H_28_A,1.17340,1.15080,0.02260
TRIP_LOAD_684_A_H_29_A,1.17340,1.15080,0.02260
TRIP_LOAD_684_A_H_30_A,1.17340,1.15080,0.02260
TRIP_LOAD_684_A_H_31_A,1.17340,1.15080,0.02260
TRIP_LOAD_684_A_H_32_A,1.17340,1.15080,0.02260
TRIP_LOAD_684_A_H_33_A,1.17340,1.15080,0.02260
TRIP_LOAD_684_A_H_34_A,1.17340,1.15080,0.02260
TRIP_LOAD_684_A_H_35_A,1.17340,1.15080,0.02260
TRIP_LOAD_684_A_H_36_A,1.17340,1.15080,0.02260
TRIP_LOAD_684_A_H_37_A,1.17340,1.15080,0.02260
TRIP_LOAD_684_A_H_38_A,1.17340,1.15080,0.02260
TRIP_LOAD_684_A_H_39_A,1.17340,1.15080,0.02260
TRIP_LOAD_684_A_H_40_A,1.17340,1.15080,0.02260
TRIP_LOAD_652_A_H_1_A,1.17330,1.15060,0.02270
TRIP_LOAD_652_A_H_2_A,1.17330,1.15060,0.02270
TRIP_LOAD_652_A_H_3_A,1.17330,1.15060,0.02270
TRIP_LOAD_652_A_H_4_A,1.17330,1.15060,0.02270
TRIP_LOAD_652_A_H_5_A,1.17330,1.15060,0.02270
TRIP_LOAD_652_A_H_6_A,1.17330,1.15060,0.02270
TRIP_LOAD_652_A_H_7_A,1.17330,1.15060,0.02270
TRIP_LOAD_652_A_H_8_A,1.17330,1.15060,0.02270
TRIP_LOAD_652_A_H_9_A,1.17330,1.15060,0.02270
TRIP_LOAD_652_A_H_10_A,1.17330,1.15060,0.02270
TRIP_LOAD_652_A_H_11_A,1.17330,1.15060,0.02270
TRIP_LOAD_652_A_H_12_A,1.17330,1.15060,0.02270
TRIP_LOAD_652_A_H_13_A,1.17330,1.15060,0.02270
TRIP_LOAD_652_A_H_14_A,1.17330,1.15060,0.02270
TRIP_LOAD_652_A_H_15_A,1.17330,1.15060,0.02270
TRIP_LOAD_652_A_H_16_A,1.17330,1.15060,0.02270
TRIP_LOAD_652_A_H_17_A,1.17330,1.15060,0.02270
TRIP_LOAD_652_A_H_18_A,1.17330,1.15060,0.02270
TRIP_LOAD_652_A_H_19_A,1.17330,1.15060,0.02270
TRIP_LOAD_652_A_H_20_A,1.17330,1.15060,0.02270
TRIP_LOAD_652_A_H_21_A,1.17330,1.15060,0.02270
TRIP_LOAD_652_A_H_22_A,1.17330,1.15060,0.02270
TRIP_LOAD_652_A_H_23_A,1.17330,1.15060,0.02270
TRIP_LOAD_652_A_H_24_A,1.17330,1.15060,0.02270
TRIP_LOAD_652_A_H_25_A,1.17330,1.15060,0.02270
TRIP_LOAD_652_A_H_26_A,1.17330,1.15060,0.02270
TRIP_LOAD_652_A_H_27_A,1.17330,1.15060,0.02270
TRIP_LOAD_652_A_H_28_A,1.17330,1.15060,0.02270
TRIP_LOAD_652_A_H_29_A,1.17330,1.15060,0.02270
TRIP_LOAD_652_A_H_30_A,1.17330,1.15060,0.02270
TRIP_LOAD_652_A_H_31_A,1.17330,1.15060,0.02270
TRIP_LOAD_652_A_H_32_A,1.17330,1.15060,0.02270
TRIP_LOAD_652_A_H_33_A,1.17330,1.15060,0.02270
TRIP_LOAD_652_A_H_34_A,1.17330,1.15060,0.02270
TRIP_LOAD_652_A_H_35_A,1.17330,1.15060,0.02270
TRIP_LOAD_652_A_H_36_A,1.17330,1.15060,0.02270
TRIP_LOAD_652_A_H_37_A,1.17330,1.15060,0.02270
TRIP_LOAD_652_A_H_38_A,1.17330,1.15060,0.02270
TRIP_LOAD_652_A_H_39_A,1.17330,1.15060,0.02270
TRIP_LOAD_652_A_H_40_A,1.17330,1.15060,0.02270
XFMR_METER_680_A_1_A,1.17330,1.15050,0.02280
TRIP_NODE_680_A_1_A,1.17330,1.15050,0.02280
TRIP_NODE_680_A_1_B,1.17330,1.15050,0.02280
XFMR_METER_680_A_2_A,1.17330,1.15050,0.02280
TRIP_NODE_680_A_2_A,1.17330,1.15050,0.02280
TRIP_NODE_680_A_2_B,1.17330,1.15050,0.02280
XFMR_METER_680_A_3_A,1.17330,1.15050,0.02280
TRIP_NODE_680_A_3_A,1.17330,1.15050,0.02280
TRIP_NODE_680_A_3_B,1.17330,1.15050,0.02280
XFMR_METER_680_A_4_A,1.17330,1.15050,0.02280
TRIP_NODE_680_A_4_A,1.17330,1.15050,0.02280
TRIP_NODE_680_A_4_B,1.17330,1.15050,0.02280
XFMR_METER_680_A_5_A,1.17330,1.15050,0.02280
TRIP_NODE_680_A_5_A,1.17330,1.15050,0.02280
TRIP_NODE_680_A_5_B,1.17330,1.15050,0.02280
N680_A,1.17330,1.15050,0.02280
METER_680_A_A,1.17330,1.15050,0.02280
TRIP_LOAD_680_A_H_1_B,1.17330,1.15050,0.02280
TRIP_LOAD_680_A_H_2_B,1.17330,1.15050,0.02280
TRIP_LOAD_680_A_H_3_B,1.17330,1.15050,0.02280
TRIP_LOAD_680_A_H_4_B,1.17330,1.15050,0.02280
TRIP_LOAD_680_A_H_5_B,1.17330,1.15050,0.02280
TRIP_LOAD_680_A_H_6_B,1.17330,1.15050,0.02280
TRIP_LOAD_680_A_H_7_B,1.17330,1.15050,0.02280
TRIP_LOAD_680_A_H_8_B,1.17330,1.15050,0.02280
TRIP_LOAD_680_A_H_9_B,1.17330,1.15050,0.02280
TRIP_LOAD_680_A_H_10_B,1.17330,1.15050,0.02280
TRIP_LOAD_680_A_H_11_B,1.17330,1.15050,0.02280
TRIP_LOAD_680_A_H_12_B,1.17330,1.15050,0.02280
TRIP_LOAD_680_A_H_13_B,1.17330,1.15050,0.02280
TRIP_LOAD_680_A_H_14_B,1.17330,1.15050,0.02280
TRIP_LOAD_680_A_H_15_B,1.17330,1.15050,0.02280
TRIP_LOAD_680_A_H_16_B,1.17330,1.15050,0.02280
TRIP_LOAD_680_A_H_17_B,1.17330,1.15050,0.02280
TRIP_LOAD_680_A_H_18_B,1.17330,1.15050,0.02280
TRIP_LOAD_680_A_H_19_B,1.17330,1.15050,0.02280
TRIP_LOAD_680_A_H_20_B,1.17330,1.15050,0.02280
TRIP_LOAD_680_A_H_21_B,1.17330,1.15050,0.02280
TRIP_LOAD_680_A_H_22_B,1.17330,1.15050,0.02280
TRIP_LOAD_680_A_H_23_B,1.17330,1.15050,0.02280
TRIP_LOAD_680_A_H_24_B,1.17330,1.15050,0.02280
TRIP_LOAD_680_A_H_25_B,1.17330,1.15050,0.02280
TRIP_LOAD_680_A_H_26_B,1.17330,1.15050,0.02280
TRIP_LOAD_680_A_H_27_B,1.17330,1.15050,0.02280
TRIP_LOAD_680_A_H_28_B,1.17330,1.15050,0.02280
TRIP_LOAD_680_A_H_29_B,1.17330,1.15050,0.02280
TRIP_LOAD_680_A_H_30_B,1.17330,1.15050,0.02280
TRIP_LOAD_680_A_H_31_B,1.17330,1.15050,0.02280
TRIP_LOAD_680_A_H_32_B,1.17330,1.15050,0.02280
TRIP_LOAD_680_A_H_33_B,1.17330,1.15050,0.02280
TRIP_LOAD_680_A_H_34_B,1.17330,1.15050,0.02280
TRIP_LOAD_680_A_H_35_B,1.17330,1.15050,0.02280
TRIP_LOAD_680_A_H_36_B,1.17330,1.15050,0.02280
TRIP_LOAD_680_A_H_37_B,1.17330,1.15050,0.02280
TRIP_LOAD_680_A_H_38_B,1.17330,1.15050,0.02280
TRIP_LOAD_680_A_H_39_B,1.17330,1.15050,0.02280
TRIP_LOAD_680_A_H_40_B,1.17330,1.15050,0.02280
XFMR_METER_675_A_1_A,1.17940,1.15650,0.02290
TRIP_NODE_675_A_1_A,1.17940,1.15650,0.02290
TRIP_NODE_675_A_1_B,1.17940,1.15650,0.02290
XFMR_METER_675_A_2_A,1.17940,1.15650,0.02290
TRIP_NODE_675_A_2_A,1.17940,1.15650,0.02290
TRIP_NODE_675_A_2_B,1.17940,1.15650,0.02290
XFMR_METER_675_A_3_A,1.17940,1.15650,0.02290
TRIP_NODE_675_A_3_A,1.17940,1.15650,0.02290
TRIP_NODE_675_A_3_B,1.17940,1.15650,0.02290
XFMR_METER_675_A_4_A,1.17940,1.15650,0.02290
TRIP_NODE_675_A_4_A,1.17940,1.15650,0.02290
TRIP_NODE_675_A_4_B,1.17940,1.15650,0.02290
XFMR_METER_675_A_5_A,1.17940,1.15650,0.02290
TRIP_NODE_675_A_5_A,1.17940,1.15650,0.02290
TRIP_NODE_675_A_5_B,1.17940,1.15650,0.02290
METER_675_A_A,1.17940,1.15650,0.02290
TRIP_LOAD_680_A_H_1_A,1.17320,1.15030,0.02290
TRIP_LOAD_680_A_H_2_A,1.17320,1.15030,0.02290
TRIP_LOAD_680_A_H_3_A,1.17320,1.15030,0.02290
TRIP_LOAD_680_A_H_4_A,1.17320,1.15030,0.02290
TRIP_LOAD_680_A_H_5_A,1.17320,1.15030,0.02290
TRIP_LOAD_680_A_H_6_A,1.17320,1.15030,0.02290
TRIP_LOAD_680_A_H_7_A,1.17320,1.15030,0.02290
TRIP_LOAD_680_A_H_8_A,1.17320,1.15030,0.02290
TRIP_LOAD_680_A_H_9_A,1.17320,1.15030,0.02290
TRIP_LOAD_680_A_H_10_A,1.17320,1.15030,0.02290
TRIP_LOAD_680_A_H_11_A,1.17320,1.15030,0.02290
TRIP_LOAD_680_A_H_12_A,1.17320,1.15030,0.02290
TRIP_LOAD_680_A_H_13_A,1.17320,1.15030,0.02290
TRIP_LOAD_680_A_H_14_A,1.17320,1.15030,0.02290
TRIP_LOAD_680_A_H_15_A,1.17320,1.15030,0.02290
TRIP_LOAD_680_A_H_16_A,1.17320,1.15030,0.02290
TRIP_LOAD_680_A_H_17_A,1.17320,1.15030,0.02290
TRIP_LOAD_680_A_H_18_A,1.17320,1.15030,0.02290
TRIP_LOAD_680_A_H_19_A,1.17320,1.15030,0.02290
TRIP_LOAD_680_A_H_20_A,1.17320,1.15030,0.02290
TRIP_LOAD_680_A_H_21_A,1.17320,1.15030,0.02290
TRIP_LOAD_680_A_H_22_A,1.17320,1.15030,0.02290
TRIP_LOAD_680_A_H_23_A,1.17320,1.15030,0.02290
TRIP_LOAD_680_A_H_24_A,1.17320,1.15030,0.02290
TRIP_LOAD_680_A_H_25_A,1.17320,1.15030,0.02290
TRIP_LOAD_680_A_H_26_A,1.17320,1.15030,0.02290
TRIP_LOAD_680_A_H_27_A,1.17320,1.15030,0.02290
TRIP_LOAD_680_A_H_28_A,1.17320,1.15030,0.02290
TRIP_LOAD_680_A_H_29_A,1.17320,1.15030,0.02290
TRIP_LOAD_680_A_H_30_A,1.17320,1.15030,0.02290
TRIP_LOAD_680_A_H_31_A,1.17320,1.15030,0.02290
TRIP_LOAD_680_A_H_32_A,1.17320,1.15030,0.02290
TRIP_LOAD_680_A_H_33_A,1.17320,1.15030,0.02290
TRIP_LOAD_680_A_H_34_A,1.17320,1.15030,0.02290
TRIP_LOAD_680_A_H_35_A,1.17320,1.15030,0.02290
TRIP_LOAD_680_A_H_36_A,1.17320,1.15030,0.02290
TRIP_LOAD_680_A_H_37_A,1.17320,1.15030,0.02290
TRIP_LOAD_680_A_H_38_A,1.17320,1.15030,0.02290
TRIP_LOAD_680_A_H_39_A,1.17320,1.15030,0.02290
TRIP_LOAD_680_A_H_40_A,1.17320,1.15030,0.02290
N675_A,1.17950,1.15650,0.02300
TRIP_LOAD_675_A_H_1_B,1.17950,1.15650,0.02300
TRIP_LOAD_675_A_H_2_B,1.17950,1.15650,0.02300
TRIP_LOAD_675_A_H_3_B,1.17950,1.15650,0.02300
TRIP_LOAD_675_A_H_4_B,1.17950,1.15650,0.02300
TRIP_LOAD_675_A_H_5_B,1.17950,1.15650,0.02300
TRIP_LOAD_675_A_H_6_B,1.17950,1.15650,0.02300
TRIP_LOAD_675_A_H_7_B,1.17950,1.15650,0.02300
TRIP_LOAD_675_A_H_8_B,1.17950,1.15650,0.02300
TRIP_LOAD_675_A_H_9_B,1.17950,1.15650,0.02300
TRIP_LOAD_675_A_H_10_B,1.17950,1.15650,0.02300
TRIP_LOAD_675_A_H_11_B,1.17950,1.15650,0.02300
TRIP_LOAD_675_A_H_12_B,1.17950,1.15650,0.02300
TRIP_LOAD_675_A_H_13_B,1.17950,1.15650,0.02300
TRIP_LOAD_675_A_H_14_B,1.17950,1.15650,0.02300
TRIP_LOAD_675_A_H_15_B,1.17950,1.15650,0.02300
TRIP_LOAD_675_A_H_16_B,1.17950,1.15650,0.02300
TRIP_LOAD_675_A_H_17_B,1.17950,1.15650,0.02300
TRIP_LOAD_675_A_H_18_B,1.17950,1.15650,0.02300
TRIP_LOAD_675_A_H_19_B,1.17950,1.15650,0.02300
TRIP_LOAD_675_A_H_20_B,1.17950,1.15650,0.02300
TRIP_LOAD_675_A_H_21_B,1.17950,1.15650,0.02300
TRIP_LOAD_675_A_H_22_B,1.17950,1.15650,0.02300
TRIP_LOAD_675_A_H_23_B,1.17950,1.15650,0.02300
TRIP_LOAD_675_A_H_24_B,1.17950,1.15650,0.02300
TRIP_LOAD_675_A_H_25_B,1.17950,1.15650,0.02300
TRIP_LOAD_675_A_H_26_B,1.17950,1.15650,0.02300
TRIP_LOAD_675_A_H_27_B,1.17950,1.15650,0.02300
TRIP_LOAD_675_A_H_28_B,1.17950,1.15650,0.02300
TRIP_LOAD_675_A_H_29_B,1.17950,1.15650,0.02300
TRIP_LOAD_675_A_H_30_B,1.17950,1.15650,0.02300
TRIP_LOAD_675_A_H_31_B,1.17950,1.15650,0.02300
TRIP_LOAD_675_A_H_32_B,1.17950,1.15650,0.02300
TRIP_LOAD_675_A_H_33_B,1.17950,1.15650,0.02300
TRIP_LOAD_675_A_H_34_B,1.17950,1.15650,0.02300
TRIP_LOAD_675_A_H_35_B,1.17950,1.15650,0.02300
TRIP_LOAD_675_A_H_36_B,1.17950,1.15650,0.02300
TRIP_LOAD_675_A_H_37_B,1.17950,1.15650,0.02300
TRIP_LOAD_675_A_H_38_B,1.17950,1.15650,0.02300
TRIP_LOAD_675_A_H_39_B,1.17950,1.15650,0.02300
TRIP_LOAD_675_A_H_40_B,1.17950,1.15650,0.02300
TRIP_LOAD_675_A_H_1_A,1.17940,1.15630,0.02310
TRIP_LOAD_675_A_H_2_A,1.17940,1.15630,0.02310
TRIP_LOAD_675_A_H_3_A,1.17940,1.15630,0.02310
TRIP_LOAD_675_A_H_4_A,1.17940,1.15630,0.02310
TRIP_LOAD_675_A_H_5_A,1.17940,1.15630,0.02310
TRIP_LOAD_675_A_H_6_A,1.17940,1.15630,0.02310
TRIP_LOAD_675_A_H_7_A,1.17940,1.15630,0.02310
TRIP_LOAD_675_A_H_8_A,1.17940,1.15630,0.02310
TRIP_LOAD_675_A_H_9_A,1.17940,1.15630,0.02310
TRIP_LOAD_675_A_H_10_A,1.17940,1.15630,0.02310
TRIP_LOAD_675_A_H_11_A,1.17940,1.15630,0.02310
TRIP_LOAD_675_A_H_12_A,1.17940,1.15630,0.02310
TRIP_LOAD_675_A_H_13_A,1.17940,1.15630,0.02310
TRIP_LOAD_675_A_H_14_A,1.17940,1.15630,0.02310
TRIP_LOAD_675_A_H_15_A,1.17940,1.15630,0.02310
TRIP_LOAD_675_A_H_16_A,1.17940,1.15630,0.02310
TRIP_LOAD_675_A_H_17_A,1.17940,1.15630,0.02310
TRIP_LOAD_675_A_H_18_A,1.17940,1.15630,0.02310
TRIP_LOAD_675_A_H_19_A,1.17940,1.15630,0.02310
TRIP_LOAD_675_A_H_20_A,1.17940,1.15630,0.02310
TRIP_LOAD_675_A_H_21_A,1.17940,1.15630,0.02310
TRIP_LOAD_675_A_H_22_A,1.17940,1.15630,0.02310
TRIP_LOAD_675_A_H_23_A,1.17940,1.15630,0.02310
TRIP_LOAD_675_A_H_24_A,1.17940,1.15630,0.02310
TRIP_LOAD_675_A_H_25_A,1.17940,1.15630,0.02310
TRIP_LOAD_675_A_H_26_A,1.17940,1.15630,0.02310
TRIP_LOAD_675_A_H_27_A,1.17940,1.15630,0.02310
TRIP_LOAD_675_A_H_28_A,1.17940,1.15630,0.02310
TRIP_LOAD_675_A_H_29_A,1.17940,1.15630,0.02310
TRIP_LOAD_675_A_H_30_A,1.17940,1.15630,0.02310
TRIP_LOAD_675_A_H_31_A,1.17940,1.15630,0.02310
TRIP_LOAD_675_A_H_32_A,1.17940,1.15630,0.02310
TRIP_LOAD_675_A_H_33_A,1.17940,1.15630,0.02310
TRIP_LOAD_675_A_H_34_A,1.17940,1.15630,0.02310
TRIP_LOAD_675_A_H_35_A,1.17940,1.15630,0.02310
TRIP_LOAD_675_A_H_36_A,1.17940,1.15630,0.02310
TRIP_LOAD_675_A_H_37_A,1.17940,1.15630,0.02310
TRIP_LOAD_675_A_H_38_A,1.17940,1.15630,0.02310
TRIP_LOAD_675_A_H_39_A,1.17940,1.15630,0.02310
TRIP_LOAD_675_A_H_40_A,1.17940,1.15630,0.02310
